BOARDID,TRADEDATE,SHORTNAME,SECID,OPEN,LOW,HIGH,CLOSE,NUMTRADES,WAPRICE
CETS,2022-07-01,CNYRUB_TOM,CNYRUB_TOM,8.0142,7.93,9.01,8.7511,36259,8.6516
CETS,2022-07-04,CNYRUB_TOM,CNYRUB_TOM,8.79,8.45,9.044,8.675,33664,8.6788
CETS,2022-07-05,CNYRUB_TOM,CNYRUB_TOM,8.678,8.6064,9.475,9.3999,50778,9.0292
CETS,2022-07-06,CNYRUB_TOM,CNYRUB_TOM,9.4,9.3811,9.8421,9.7485,39708,9.5559
CETS,2022-07-07,CNYRUB_TOM,CNYRUB_TOM,9.7485,9.3641,9.89,9.5355,27895,9.5606
CETS,2022-07-08,CNYRUB_TOM,CNYRUB_TOM,9.535,9.19,9.535,9.2762,21206,9.2799
CETS,2022-07-11,CNYRUB_TOM,CNYRUB_TOM,9.21,8.855,9.2887,8.902,35500,9.1559
CETS,2022-07-12,CNYRUB_TOM,CNYRUB_TOM,8.8995,8.506,8.9096,8.8418,35775,8.7427
CETS,2022-07-13,CNYRUB_TOM,CNYRUB_TOM,8.86,8.6202,8.895,8.7052,34769,8.7194
CETS,2022-07-14,CNYRUB_TOM,CNYRUB_TOM,8.7,8.5415,8.739,8.6563,28574,8.6359
CETS,2022-07-15,CNYRUB_TOM,CNYRUB_TOM,8.65,8.43,8.815,8.5901,34067,8.5725
CETS,2022-07-18,CNYRUB_TOM,CNYRUB_TOM,8.6,8.3551,8.6285,8.44,26765,8.4236
CETS,2022-07-19,CNYRUB_TOM,CNYRUB_TOM,8.4393,8.1518,8.4393,8.3,40901,8.2648
CETS,2022-07-20,CNYRUB_TOM,CNYRUB_TOM,8.27,8.1111,8.27,8.15,35707,8.1596
CETS,2022-07-21,CNYRUB_TOM,CNYRUB_TOM,8.14,8.104,8.7186,8.52,54249,8.4143
CETS,2022-07-22,CNYRUB_TOM,CNYRUB_TOM,8.524,8.4611,8.7789,8.5837,48765,8.5927
CETS,2022-07-25,CNYRUB_TOM,CNYRUB_TOM,8.584,8.5439,8.719,8.6894,40199,8.6347
CETS,2022-07-26,CNYRUB_TOM,CNYRUB_TOM,8.6952,8.6952,9.237,9.2,54259,8.8344
CETS,2022-07-27,CNYRUB_TOM,CNYRUB_TOM,9.23,8.878,9.263,8.9971,66320,9.021
CETS,2022-07-28,CNYRUB_TOM,CNYRUB_TOM,8.98,8.9002,9.1898,9.1401,54850,9.0618
CETS,2022-07-29,CNYRUB_TOM,CNYRUB_TOM,9.1251,9.0802,9.3661,9.3299,53739,9.2298
CETS,2022-08-01,CNYRUB_TOM,CNYRUB_TOM,9.27,8.807,9.458,9.033,77064,9.1958
CETS,2022-08-02,CNYRUB_TOM,CNYRUB_TOM,8.976,8.852,9.048,8.97,54370,8.9356
CETS,2022-08-03,CNYRUB_TOM,CNYRUB_TOM,8.98,8.852,9.045,8.986,39921,8.9462
CETS,2022-08-04,CNYRUB_TOM,CNYRUB_TOM,9.02,8.889,9.063,8.94,40123,8.9339
CETS,2022-08-05,CNYRUB_TOM,CNYRUB_TOM,8.95,8.906,9.074,9.052,52996,8.9794
CETS,2022-08-08,CNYRUB_TOM,CNYRUB_TOM,9.029,8.888,9.089,9.027,49145,8.9621
CETS,2022-08-09,CNYRUB_TOM,CNYRUB_TOM,9.028,8.912,9.041,8.924,38146,8.9517
CETS,2022-08-10,CNYRUB_TOM,CNYRUB_TOM,8.92,8.904,9.095,9.09,34417,8.9704
CETS,2022-08-11,CNYRUB_TOM,CNYRUB_TOM,9.07,8.988,9.076,9.026,35268,9.0124
CETS,2022-08-12,CNYRUB_TOM,CNYRUB_TOM,9.04,8.95,9.067,8.995,34065,9.0297
CETS,2022-08-15,CNYRUB_TOM,CNYRUB_TOM,8.983,8.951,9.09,9.03,31774,9.0447
CETS,2022-08-16,CNYRUB_TOM,CNYRUB_TOM,9.038,8.924,9.065,8.97,56068,9.0129
CETS,2022-08-17,CNYRUB_TOM,CNYRUB_TOM,8.97,8.816,9.02,8.901,36066,8.9353
CETS,2022-08-18,CNYRUB_TOM,CNYRUB_TOM,8.91,8.68,8.926,8.756,52684,8.8135
CETS,2022-08-19,CNYRUB_TOM,CNYRUB_TOM,8.747,8.534,8.759,8.61,49316,8.6424
CETS,2022-08-22,CNYRUB_TOM,CNYRUB_TOM,8.65,8.62,8.78,8.711,43361,8.6988
CETS,2022-08-23,CNYRUB_TOM,CNYRUB_TOM,8.715,8.68,8.787,8.72,43328,8.7163
CETS,2022-08-24,CNYRUB_TOM,CNYRUB_TOM,8.735,8.695,8.76,8.748,36736,8.7355
CETS,2022-08-25,CNYRUB_TOM,CNYRUB_TOM,8.747,8.7,8.768,8.755,28775,8.7296
CETS,2022-08-26,CNYRUB_TOM,CNYRUB_TOM,8.762,8.72,8.769,8.765,23361,8.7434
CETS,2022-08-29,CNYRUB_TOM,CNYRUB_TOM,8.76,8.7,8.763,8.726,21580,8.7211
CETS,2022-08-30,CNYRUB_TOM,CNYRUB_TOM,8.73,8.652,8.755,8.675,25011,8.7369
CETS,2022-08-31,CNYRUB_TOM,CNYRUB_TOM,8.6,8.6,8.782,8.72,34017,8.7158
CETS,2022-09-01,CNYRUB_TOM,CNYRUB_TOM,8.73,8.698,8.756,8.727,20087,8.7268
CETS,2022-09-02,CNYRUB_TOM,CNYRUB_TOM,8.731,8.728,8.825,8.805,24908,8.747
CETS,2022-09-05,CNYRUB_TOM,CNYRUB_TOM,8.817,8.717,8.854,8.738,21924,8.7734
CETS,2022-09-06,CNYRUB_TOM,CNYRUB_TOM,8.74,8.713,8.774,8.765,22340,8.7489
CETS,2022-09-07,CNYRUB_TOM,CNYRUB_TOM,8.767,8.728,8.809,8.732,20329,8.7539
CETS,2022-09-08,CNYRUB_TOM,CNYRUB_TOM,8.752,8.714,8.775,8.731,19674,8.7353
CETS,2022-09-09,CNYRUB_TOM,CNYRUB_TOM,8.73,8.697,8.75,8.723,17309,8.7306
CETS,2022-09-12,CNYRUB_TOM,CNYRUB_TOM,8.723,8.7,8.76,8.713,29800,8.7234
CETS,2022-09-13,CNYRUB_TOM,CNYRUB_TOM,8.713,8.556,8.744,8.595,40837,8.6494
CETS,2022-09-14,CNYRUB_TOM,CNYRUB_TOM,8.61,8.546,8.618,8.588,36981,8.5683
CETS,2022-09-15,CNYRUB_TOM,CNYRUB_TOM,8.587,8.512,8.599,8.571,33106,8.5513
CETS,2022-09-16,CNYRUB_TOM,CNYRUB_TOM,8.571,8.522,8.58,8.546,31494,8.547
CETS,2022-09-19,CNYRUB_TOM,CNYRUB_TOM,8.552,8.525,8.633,8.559,40096,8.56
CETS,2022-09-20,CNYRUB_TOM,CNYRUB_TOM,8.559,8.525,8.648,8.645,47924,8.553
CETS,2022-09-21,CNYRUB_TOM,CNYRUB_TOM,8.649,8.533,8.85,8.577,66501,8.6128
CETS,2022-09-22,CNYRUB_TOM,CNYRUB_TOM,8.577,8.274,8.636,8.303,65217,8.4156
CETS,2022-09-23,CNYRUB_TOM,CNYRUB_TOM,8.303,7.94,8.401,8.092,121105,8.1373
CETS,2022-09-26,CNYRUB_TOM,CNYRUB_TOM,8.09,8.001,8.187,8.12,58990,8.0953
CETS,2022-09-27,CNYRUB_TOM,CNYRUB_TOM,8.12,8.08,8.192,8.155,47864,8.1148
CETS,2022-09-28,CNYRUB_TOM,CNYRUB_TOM,8.17,7.975,8.179,8.023,58170,8.068
CETS,2022-09-29,CNYRUB_TOM,CNYRUB_TOM,8.012,7.912,8.164,8.12,82784,8.0136
CETS,2022-09-30,CNYRUB_TOM,CNYRUB_TOM,8.121,8.017,8.545,8.341,90787,8.1992
CETS,2022-10-03,CNYRUB_TOM,CNYRUB_TOM,8.355,8.016,8.454,8.268,64873,8.1579
CETS,2022-10-04,CNYRUB_TOM,CNYRUB_TOM,8.281,8.155,8.328,8.199,45989,8.2041
CETS,2022-10-05,CNYRUB_TOM,CNYRUB_TOM,8.199,8.149,8.589,8.575,49618,8.3887
CETS,2022-10-06,CNYRUB_TOM,CNYRUB_TOM,8.552,8.502,8.68,8.555,51191,8.5891
CETS,2022-10-07,CNYRUB_TOM,CNYRUB_TOM,8.555,8.493,8.657,8.497,50982,8.5855
CETS,2022-10-10,CNYRUB_TOM,CNYRUB_TOM,8.56,8.52,8.7,8.657,63308,8.6176
CETS,2022-10-11,CNYRUB_TOM,CNYRUB_TOM,8.626,8.625,8.8,8.683,56224,8.7548
CETS,2022-10-12,CNYRUB_TOM,CNYRUB_TOM,8.699,8.558,8.854,8.683,79929,8.6772
CETS,2022-10-13,CNYRUB_TOM,CNYRUB_TOM,8.696,8.66,8.762,8.685,49121,8.7023
CETS,2022-10-14,CNYRUB_TOM,CNYRUB_TOM,8.699,8.582,8.737,8.602,50618,8.679
CETS,2022-10-17,CNYRUB_TOM,CNYRUB_TOM,8.6,8.461,8.627,8.533,49426,8.5282
CETS,2022-10-18,CNYRUB_TOM,CNYRUB_TOM,8.539,8.474,8.574,8.505,42765,8.5102
CETS,2022-10-19,CNYRUB_TOM,CNYRUB_TOM,8.512,8.407,8.525,8.462,38801,8.4586
CETS,2022-10-20,CNYRUB_TOM,CNYRUB_TOM,8.474,8.402,8.48,8.438,45653,8.4444
CETS,2022-10-21,CNYRUB_TOM,CNYRUB_TOM,8.438,8.29,8.438,8.309,56310,8.3656
CETS,2022-10-24,CNYRUB_TOM,CNYRUB_TOM,8.309,8.294,8.365,8.332,49066,8.3242
CETS,2022-10-25,CNYRUB_TOM,CNYRUB_TOM,8.33,8.295,8.417,8.407,39745,8.3261
CETS,2022-10-26,CNYRUB_TOM,CNYRUB_TOM,8.41,8.41,8.51,8.5,41142,8.4785
CETS,2022-10-27,CNYRUB_TOM,CNYRUB_TOM,8.499,8.393,8.512,8.47,39924,8.4379
CETS,2022-10-28,CNYRUB_TOM,CNYRUB_TOM,8.468,8.373,8.48,8.403,57525,8.4288
CETS,2022-10-31,CNYRUB_TOM,CNYRUB_TOM,8.412,8.343,8.449,8.385,44965,8.3935
CETS,2022-11-01,CNYRUB_TOM,CNYRUB_TOM,8.384,8.371,8.43,8.397,35943,8.4071
CETS,2022-11-02,CNYRUB_TOM,CNYRUB_TOM,8.398,8.391,8.441,8.414,44651,8.4242
CETS,2022-11-03,CNYRUB_TOM,CNYRUB_TOM,8.414,8.392,8.475,8.407,57611,8.4277
CETS,2022-11-07,CNYRUB_TOM,CNYRUB_TOM,8.431,8.41,8.47,8.417,54127,8.433
CETS,2022-11-08,CNYRUB_TOM,CNYRUB_TOM,8.418,8.343,8.429,8.372,44766,8.3688
CETS,2022-11-09,CNYRUB_TOM,CNYRUB_TOM,8.345,8.345,8.47,8.454,46966,8.4055
CETS,2022-11-10,CNYRUB_TOM,CNYRUB_TOM,8.449,8.346,8.488,8.391,39285,8.3967
CETS,2022-11-11,CNYRUB_TOM,CNYRUB_TOM,8.385,8.385,8.48,8.473,48766,8.449
CETS,2022-11-14,CNYRUB_TOM,CNYRUB_TOM,8.507,8.5,8.57,8.534,39381,8.5419
CETS,2022-11-15,CNYRUB_TOM,CNYRUB_TOM,8.541,8.498,8.572,8.55,53066,8.5343
CETS,2022-11-16,CNYRUB_TOM,CNYRUB_TOM,8.551,8.463,8.59,8.493,30285,8.4989
CETS,2022-11-17,CNYRUB_TOM,CNYRUB_TOM,8.486,8.426,8.486,8.453,34012,8.4471
CETS,2022-11-18,CNYRUB_TOM,CNYRUB_TOM,8.46,8.454,8.504,8.49,26080,8.4748
CETS,2022-11-21,CNYRUB_TOM,CNYRUB_TOM,8.477,8.455,8.498,8.47,29546,8.4746
CETS,2022-11-22,CNYRUB_TOM,CNYRUB_TOM,8.475,8.462,8.496,8.47,31375,8.4722
CETS,2022-11-23,CNYRUB_TOM,CNYRUB_TOM,8.466,8.412,8.469,8.44,19866,8.4351
CETS,2022-11-24,CNYRUB_TOM,CNYRUB_TOM,8.44,8.417,8.457,8.449,26174,8.4371
CETS,2022-11-25,CNYRUB_TOM,CNYRUB_TOM,8.432,8.414,8.449,8.415,22070,8.4242
CETS,2022-11-28,CNYRUB_TOM,CNYRUB_TOM,8.414,8.396,8.45,8.436,23898,8.4175
CETS,2022-11-29,CNYRUB_TOM,CNYRUB_TOM,8.448,8.44,8.535,8.468,42618,8.4827
CETS,2022-11-30,CNYRUB_TOM,CNYRUB_TOM,8.472,8.472,8.61,8.593,38876,8.5406
CETS,2022-12-01,CNYRUB_TOM,CNYRUB_TOM,8.6,8.591,8.725,8.724,21007,8.6539
CETS,2022-12-02,CNYRUB_TOM,CNYRUB_TOM,8.683,8.681,8.83,8.805,28454,8.7825
CETS,2022-12-05,CNYRUB_TOM,CNYRUB_TOM,8.822,8.822,8.969,8.93,30275,8.9336
CETS,2022-12-06,CNYRUB_TOM,CNYRUB_TOM,8.93,8.923,9.04,8.958,52815,8.9668
CETS,2022-12-07,CNYRUB_TOM,CNYRUB_TOM,8.986,8.958,9.03,9.005,41736,8.9907
CETS,2022-12-08,CNYRUB_TOM,CNYRUB_TOM,9.012,8.927,9.03,8.999,27214,8.9783
CETS,2022-12-09,CNYRUB_TOM,CNYRUB_TOM,8.998,8.944,9.002,8.978,33644,8.9649
CETS,2022-12-12,CNYRUB_TOM,CNYRUB_TOM,8.96,8.952,9.015,8.985,23893,8.9879
CETS,2022-12-13,CNYRUB_TOM,CNYRUB_TOM,8.985,8.973,9.071,9.045,28745,9.0381
CETS,2022-12-14,CNYRUB_TOM,CNYRUB_TOM,9.059,9.05,9.19,9.165,40038,9.1242
CETS,2022-12-15,CNYRUB_TOM,CNYRUB_TOM,9.185,9.145,9.298,9.215,41344,9.2139
CETS,2022-12-16,CNYRUB_TOM,CNYRUB_TOM,9.215,9.208,9.279,9.279,26080,9.2443
CETS,2022-12-19,CNYRUB_TOM,CNYRUB_TOM,9.279,9.257,9.805,9.657,70452,9.5426
CETS,2022-12-20,CNYRUB_TOM,CNYRUB_TOM,9.689,9.579,9.939,9.89,53401,9.8605
CETS,2022-12-21,CNYRUB_TOM,CNYRUB_TOM,9.91,9.894,10.15,10.079,59712,10.0787
CETS,2022-12-22,CNYRUB_TOM,CNYRUB_TOM,10.133,9.723,10.296,9.769,92047,10.1725
CETS,2022-12-23,CNYRUB_TOM,CNYRUB_TOM,9.769,9.592,9.996,9.92,72096,9.7739
CETS,2022-12-26,CNYRUB_TOM,CNYRUB_TOM,9.989,9.656,10.049,9.774,60202,9.7463
CETS,2022-12-27,CNYRUB_TOM,CNYRUB_TOM,9.802,9.703,10.117,9.98,78135,9.9507
CETS,2022-12-28,CNYRUB_TOM,CNYRUB_TOM,10.017,9.993,10.249,10.249,59982,10.1594
CETS,2022-12-29,CNYRUB_TOM,CNYRUB_TOM,10.266,10.005,10.326,10.186,78621,10.1399
CETS,2022-12-30,CNYRUB_TOM,CNYRUB_TOM,10.186,9.772,10.265,9.912,80145,9.9105
CETS,2023-01-03,CNYRUB_TOM,CNYRUB_TOM,9.9,9.87,10.18,10.11,17573,10.0466
CETS,2023-01-04,CNYRUB_TOM,CNYRUB_TOM,10.146,10.117,10.286,10.265,17386,10.2117
CETS,2023-01-05,CNYRUB_TOM,CNYRUB_TOM,10.29,10.201,10.424,10.417,20917,10.308
CETS,2023-01-06,CNYRUB_TOM,CNYRUB_TOM,10.362,10.353,10.498,10.437,14605,10.4247
CETS,2023-01-09,CNYRUB_TOM,CNYRUB_TOM,10.469,10.154,10.555,10.219,68584,10.2838
CETS,2023-01-10,CNYRUB_TOM,CNYRUB_TOM,10.22,10.14,10.289,10.279,30267,10.2242
CETS,2023-01-11,CNYRUB_TOM,CNYRUB_TOM,10.288,10.018,10.337,10.074,63982,10.1303
CETS,2023-01-12,CNYRUB_TOM,CNYRUB_TOM,10.08,9.97,10.097,10.021,46492,10.0032
CETS,2023-01-13,CNYRUB_TOM,CNYRUB_TOM,10.001,9.981,10.229,10.19,41986,10.0706
CETS,2023-01-16,CNYRUB_TOM,CNYRUB_TOM,10.201,10.07,10.27,10.149,37718,10.1454
CETS,2023-01-17,CNYRUB_TOM,CNYRUB_TOM,10.15,10.081,10.23,10.19,38148,10.1313
CETS,2023-01-18,CNYRUB_TOM,CNYRUB_TOM,10.192,10.141,10.235,10.19,29712,10.1795
CETS,2023-01-19,CNYRUB_TOM,CNYRUB_TOM,10.191,10.101,10.205,10.129,32257,10.1318
CETS,2023-01-20,CNYRUB_TOM,CNYRUB_TOM,10.131,10.087,10.139,10.119,22665,10.1209
CETS,2023-01-23,CNYRUB_TOM,CNYRUB_TOM,10.121,10.076,10.149,10.128,19937,10.1091
CETS,2023-01-24,CNYRUB_TOM,CNYRUB_TOM,10.13,10.094,10.149,10.138,21449,10.1159
CETS,2023-01-25,CNYRUB_TOM,CNYRUB_TOM,10.143,10.127,10.219,10.216,23068,10.1559
CETS,2023-01-26,CNYRUB_TOM,CNYRUB_TOM,10.217,10.204,10.304,10.279,30490,10.2528
CETS,2023-01-27,CNYRUB_TOM,CNYRUB_TOM,10.291,10.235,10.292,10.26,22980,10.2562
CETS,2023-01-30,CNYRUB_TOM,CNYRUB_TOM,10.26,10.26,10.405,10.405,30101,10.3267
CETS,2023-01-31,CNYRUB_TOM,CNYRUB_TOM,10.418,10.319,10.47,10.348,37294,10.4172
CETS,2023-02-01,CNYRUB_TOM,CNYRUB_TOM,10.347,10.347,10.425,10.391,35845,10.3888
CETS,2023-02-02,CNYRUB_TOM,CNYRUB_TOM,10.4,10.373,10.459,10.451,40981,10.4099
CETS,2023-02-03,CNYRUB_TOM,CNYRUB_TOM,10.444,10.385,10.45,10.417,33925,10.4238
CETS,2023-02-06,CNYRUB_TOM,CNYRUB_TOM,10.41,10.356,10.437,10.419,31648,10.3901
CETS,2023-02-07,CNYRUB_TOM,CNYRUB_TOM,10.419,10.409,10.465,10.455,36277,10.4385
CETS,2023-02-08,CNYRUB_TOM,CNYRUB_TOM,10.456,10.447,10.67,10.67,40845,10.5556
CETS,2023-02-09,CNYRUB_TOM,CNYRUB_TOM,10.675,10.672,10.806,10.767,35264,10.7503
CETS,2023-02-10,CNYRUB_TOM,CNYRUB_TOM,10.767,10.659,10.79,10.749,32003,10.701
CETS,2023-02-13,CNYRUB_TOM,CNYRUB_TOM,10.809,10.702,10.809,10.8,29218,10.7725
CETS,2023-02-14,CNYRUB_TOM,CNYRUB_TOM,10.79,10.701,10.85,10.803,35567,10.8101
CETS,2023-02-15,CNYRUB_TOM,CNYRUB_TOM,10.8,10.768,10.905,10.87,38123,10.8472
CETS,2023-02-16,CNYRUB_TOM,CNYRUB_TOM,10.873,10.849,10.919,10.875,33217,10.8843
CETS,2023-02-17,CNYRUB_TOM,CNYRUB_TOM,10.875,10.734,10.913,10.76,50052,10.8206
CETS,2023-02-20,CNYRUB_TOM,CNYRUB_TOM,10.758,10.702,10.915,10.87,49013,10.7915
CETS,2023-02-21,CNYRUB_TOM,CNYRUB_TOM,10.86,10.799,10.926,10.85,55254,10.8572
CETS,2023-02-22,CNYRUB_TOM,CNYRUB_TOM,10.852,10.8,10.92,10.903,71477,10.8454
CETS,2023-02-24,CNYRUB_TOM,CNYRUB_TOM,10.892,10.825,11.011,10.965,20128,10.9168
CETS,2023-02-27,CNYRUB_TOM,CNYRUB_TOM,10.942,10.67,10.982,10.71,65548,10.7766
CETS,2023-02-28,CNYRUB_TOM,CNYRUB_TOM,10.71,10.617,10.804,10.78,52684,10.7451
CETS,2023-03-01,CNYRUB_TOM,CNYRUB_TOM,10.782,10.782,10.939,10.909,48978,10.904
CETS,2023-03-02,CNYRUB_TOM,CNYRUB_TOM,10.9,10.845,10.945,10.865,35004,10.9054
CETS,2023-03-03,CNYRUB_TOM,CNYRUB_TOM,10.88,10.872,10.938,10.926,23440,10.913
CETS,2023-03-06,CNYRUB_TOM,CNYRUB_TOM,10.924,10.82,10.979,10.855,39196,10.8693
CETS,2023-03-07,CNYRUB_TOM,CNYRUB_TOM,10.846,10.824,10.878,10.875,26072,10.866
CETS,2023-03-09,CNYRUB_TOM,CNYRUB_TOM,10.909,10.827,10.917,10.856,40469,10.8592
CETS,2023-03-10,CNYRUB_TOM,CNYRUB_TOM,10.866,10.855,10.966,10.965,32521,10.9083
CETS,2023-03-13,CNYRUB_TOM,CNYRUB_TOM,10.975,10.866,11.02,10.927,55105,10.9344
CETS,2023-03-14,CNYRUB_TOM,CNYRUB_TOM,10.934,10.901,10.959,10.937,29406,10.9311
CETS,2023-03-15,CNYRUB_TOM,CNYRUB_TOM,10.945,10.919,11.012,11.0,32682,10.9769
CETS,2023-03-16,CNYRUB_TOM,CNYRUB_TOM,11.001,10.992,11.207,11.09,58014,11.0521
CETS,2023-03-17,CNYRUB_TOM,CNYRUB_TOM,11.09,11.068,11.193,11.19,42600,11.1342
CETS,2023-03-20,CNYRUB_TOM,CNYRUB_TOM,11.199,11.115,11.298,11.19,51324,11.1894
CETS,2023-03-21,CNYRUB_TOM,CNYRUB_TOM,11.2,11.135,11.243,11.161,45289,11.1649
CETS,2023-03-22,CNYRUB_TOM,CNYRUB_TOM,11.16,11.121,11.195,11.185,45010,11.159
CETS,2023-03-23,CNYRUB_TOM,CNYRUB_TOM,11.194,11.059,11.248,11.105,57186,11.154
CETS,2023-03-24,CNYRUB_TOM,CNYRUB_TOM,11.074,11.072,11.147,11.139,47768,11.1177
CETS,2023-03-27,CNYRUB_TOM,CNYRUB_TOM,11.139,11.089,11.181,11.113,44162,11.1128
CETS,2023-03-28,CNYRUB_TOM,CNYRUB_TOM,11.109,11.073,11.175,11.173,42914,11.127
CETS,2023-03-29,CNYRUB_TOM,CNYRUB_TOM,11.172,11.13,11.201,11.2,28745,11.1648
CETS,2023-03-30,CNYRUB_TOM,CNYRUB_TOM,11.2,11.151,11.223,11.192,41486,11.1856
CETS,2023-03-31,CNYRUB_TOM,CNYRUB_TOM,11.198,11.183,11.34,11.281,31689,11.2545
CETS,2023-04-03,CNYRUB_TOM,CNYRUB_TOM,11.224,11.21,11.447,11.428,30881,11.3288
CETS,2023-04-04,CNYRUB_TOM,CNYRUB_TOM,11.442,11.426,11.572,11.503,43335,11.5115
CETS,2023-04-05,CNYRUB_TOM,CNYRUB_TOM,11.511,11.487,11.583,11.578,27040,11.5506
CETS,2023-04-06,CNYRUB_TOM,CNYRUB_TOM,11.59,11.572,11.809,11.8,45634,11.7103
CETS,2023-04-07,CNYRUB_TOM,CNYRUB_TOM,11.81,11.733,12.139,11.812,77261,11.9305
CETS,2023-04-10,CNYRUB_TOM,CNYRUB_TOM,11.812,11.766,11.932,11.849,48427,11.8633
CETS,2023-04-11,CNYRUB_TOM,CNYRUB_TOM,11.811,11.811,11.982,11.909,36388,11.9196
CETS,2023-04-12,CNYRUB_TOM,CNYRUB_TOM,11.913,11.86,11.962,11.885,36168,11.9167
CETS,2023-04-13,CNYRUB_TOM,CNYRUB_TOM,11.89,11.813,11.91,11.855,44785,11.8553
CETS,2023-04-14,CNYRUB_TOM,CNYRUB_TOM,11.88,11.854,11.9,11.896,42148,11.8797
CETS,2023-04-17,CNYRUB_TOM,CNYRUB_TOM,11.896,11.792,11.953,11.814,48721,11.8515
CETS,2023-04-18,CNYRUB_TOM,CNYRUB_TOM,11.83,11.785,11.896,11.844,34407,11.8463
CETS,2023-04-19,CNYRUB_TOM,CNYRUB_TOM,11.854,11.796,11.889,11.855,31756,11.8295
CETS,2023-04-20,CNYRUB_TOM,CNYRUB_TOM,11.857,11.806,11.868,11.824,35299,11.8379
CETS,2023-04-21,CNYRUB_TOM,CNYRUB_TOM,11.836,11.778,11.847,11.819,26443,11.812
CETS,2023-04-24,CNYRUB_TOM,CNYRUB_TOM,11.819,11.711,11.832,11.772,39765,11.7704
CETS,2023-04-25,CNYRUB_TOM,CNYRUB_TOM,11.77,11.74,11.86,11.757,58608,11.7641
CETS,2023-04-26,CNYRUB_TOM,CNYRUB_TOM,11.77,11.745,11.782,11.754,30815,11.762
CETS,2023-04-27,CNYRUB_TOM,CNYRUB_TOM,11.773,11.681,11.823,11.705,33828,11.7429
CETS,2023-04-28,CNYRUB_TOM,CNYRUB_TOM,11.707,11.39,11.764,11.586,66762,11.5458
CETS,2023-05-02,CNYRUB_TOM,CNYRUB_TOM,11.583,11.438,11.596,11.496,27480,11.4923
CETS,2023-05-03,CNYRUB_TOM,CNYRUB_TOM,11.501,11.395,11.539,11.454,25506,11.4534
CETS,2023-05-04,CNYRUB_TOM,CNYRUB_TOM,11.471,11.203,11.509,11.269,39705,11.3196
CETS,2023-05-05,CNYRUB_TOM,CNYRUB_TOM,11.282,11.034,11.306,11.166,69678,11.1282
CETS,2023-05-08,CNYRUB_TOM,CNYRUB_TOM,11.171,11.046,11.29,11.242,14880,11.1745
CETS,2023-05-10,CNYRUB_TOM,CNYRUB_TOM,11.243,10.94,11.263,10.956,76199,11.0258
CETS,2023-05-11,CNYRUB_TOM,CNYRUB_TOM,10.957,10.811,11.109,11.043,71444,10.9543
CETS,2023-05-12,CNYRUB_TOM,CNYRUB_TOM,11.057,10.936,11.195,11.125,65762,11.0839
CETS,2023-05-15,CNYRUB_TOM,CNYRUB_TOM,11.148,11.137,11.41,11.379,45797,11.3457
CETS,2023-05-16,CNYRUB_TOM,CNYRUB_TOM,11.382,11.38,11.514,11.489,44769,11.4693
CETS,2023-05-17,CNYRUB_TOM,CNYRUB_TOM,11.509,11.36,11.55,11.396,53256,11.488
CETS,2023-05-18,CNYRUB_TOM,CNYRUB_TOM,11.379,11.275,11.44,11.404,51143,11.3618
CETS,2023-05-19,CNYRUB_TOM,CNYRUB_TOM,11.405,11.324,11.435,11.372,44635,11.3693
CETS,2023-05-22,CNYRUB_TOM,CNYRUB_TOM,11.345,11.32,11.371,11.371,31961,11.3508
CETS,2023-05-23,CNYRUB_TOM,CNYRUB_TOM,11.371,11.283,11.422,11.335,41684,11.3463
CETS,2023-05-24,CNYRUB_TOM,CNYRUB_TOM,11.331,11.295,11.36,11.325,29241,11.3287
CETS,2023-05-25,CNYRUB_TOM,CNYRUB_TOM,11.325,11.251,11.344,11.327,32438,11.2892
CETS,2023-05-26,CNYRUB_TOM,CNYRUB_TOM,11.324,11.286,11.34,11.303,26020,11.3048
CETS,2023-05-29,CNYRUB_TOM,CNYRUB_TOM,11.29,11.274,11.434,11.389,36255,11.3153
CETS,2023-05-30,CNYRUB_TOM,CNYRUB_TOM,11.394,11.275,11.445,11.427,34152,11.379
CETS,2023-05-31,CNYRUB_TOM,CNYRUB_TOM,11.418,11.334,11.418,11.379,29661,11.3712
CETS,2023-06-01,CNYRUB_TOM,CNYRUB_TOM,11.374,11.293,11.394,11.349,29131,11.3552
CETS,2023-06-02,CNYRUB_TOM,CNYRUB_TOM,11.357,11.351,11.5,11.472,33767,11.4278
CETS,2023-06-05,CNYRUB_TOM,CNYRUB_TOM,11.477,11.345,11.508,11.368,33394,11.4063
CETS,2023-06-06,CNYRUB_TOM,CNYRUB_TOM,11.369,11.336,11.434,11.412,40674,11.3979
CETS,2023-06-07,CNYRUB_TOM,CNYRUB_TOM,11.412,11.385,11.487,11.478,31578,11.4302
CETS,2023-06-08,CNYRUB_TOM,CNYRUB_TOM,11.48,11.455,11.614,11.596,39582,11.51
CETS,2023-06-09,CNYRUB_TOM,CNYRUB_TOM,11.62,11.509,11.658,11.56,42660,11.5676
CETS,2023-06-13,CNYRUB_TOM,CNYRUB_TOM,11.57,11.545,11.739,11.735,46753,11.6721
CETS,2023-06-14,CNYRUB_TOM,CNYRUB_TOM,11.74,11.683,11.852,11.741,48582,11.7588
CETS,2023-06-15,CNYRUB_TOM,CNYRUB_TOM,11.741,11.628,11.798,11.728,57446,11.7277
CETS,2023-06-16,CNYRUB_TOM,CNYRUB_TOM,11.725,11.708,11.787,11.765,41439,11.737
CETS,2023-06-19,CNYRUB_TOM,CNYRUB_TOM,11.779,11.68,11.808,11.729,34956,11.7219
CETS,2023-06-20,CNYRUB_TOM,CNYRUB_TOM,11.728,11.702,11.772,11.765,37510,11.7317
CETS,2023-06-21,CNYRUB_TOM,CNYRUB_TOM,11.766,11.618,11.784,11.648,45716,11.698
CETS,2023-06-22,CNYRUB_TOM,CNYRUB_TOM,11.66,11.601,11.692,11.65,44919,11.628
CETS,2023-06-23,CNYRUB_TOM,CNYRUB_TOM,11.65,11.572,11.752,11.709,44864,11.6559
CETS,2023-06-26,CNYRUB_TOM,CNYRUB_TOM,11.77,11.627,12.059,11.73,61063,11.7313
CETS,2023-06-27,CNYRUB_TOM,CNYRUB_TOM,11.741,11.683,11.814,11.788,44363,11.771
CETS,2023-06-28,CNYRUB_TOM,CNYRUB_TOM,11.793,11.737,11.9,11.899,42599,11.807
CETS,2023-06-29,CNYRUB_TOM,CNYRUB_TOM,11.9,11.854,12.058,12.057,61536,11.9926
CETS,2023-06-30,CNYRUB_TOM,CNYRUB_TOM,12.05,12.03,12.35,12.332,63359,12.1865
CETS,2023-07-03,CNYRUB_TOM,CNYRUB_TOM,12.335,12.17,12.342,12.182,59003,12.2768
CETS,2023-07-04,CNYRUB_TOM,CNYRUB_TOM,12.174,12.167,12.469,12.334,67522,12.3585
CETS,2023-07-05,CNYRUB_TOM,CNYRUB_TOM,12.351,12.334,12.566,12.541,52563,12.4568
CETS,2023-07-06,CNYRUB_TOM,CNYRUB_TOM,12.545,12.457,12.919,12.58,104688,12.7104
CETS,2023-07-07,CNYRUB_TOM,CNYRUB_TOM,12.628,12.529,12.697,12.648,45997,12.6343
CETS,2023-07-10,CNYRUB_TOM,CNYRUB_TOM,12.648,12.47,12.699,12.484,56777,12.5967
CETS,2023-07-11,CNYRUB_TOM,CNYRUB_TOM,12.518,12.439,12.62,12.5,66875,12.5337
CETS,2023-07-12,CNYRUB_TOM,CNYRUB_TOM,12.51,12.506,12.706,12.696,48019,12.589
CETS,2023-07-13,CNYRUB_TOM,CNYRUB_TOM,12.714,12.511,12.746,12.591,48121,12.5815
CETS,2023-07-14,CNYRUB_TOM,CNYRUB_TOM,12.592,12.559,12.642,12.62,34795,12.6081
CETS,2023-07-17,CNYRUB_TOM,CNYRUB_TOM,12.63,12.57,12.674,12.674,30789,12.6067
CETS,2023-07-18,CNYRUB_TOM,CNYRUB_TOM,12.682,12.611,12.697,12.627,37846,12.6357
CETS,2023-07-19,CNYRUB_TOM,CNYRUB_TOM,12.635,12.582,12.679,12.647,26913,12.6284
CETS,2023-07-20,CNYRUB_TOM,CNYRUB_TOM,12.665,12.557,12.697,12.575,45967,12.6377
CETS,2023-07-21,CNYRUB_TOM,CNYRUB_TOM,12.596,12.525,12.63,12.616,36429,12.5839
CETS,2023-07-24,CNYRUB_TOM,CNYRUB_TOM,12.616,12.515,12.634,12.575,44820,12.5601
CETS,2023-07-25,CNYRUB_TOM,CNYRUB_TOM,12.581,12.558,12.649,12.633,48308,12.6035
CETS,2023-07-26,CNYRUB_TOM,CNYRUB_TOM,12.623,12.557,12.633,12.582,31683,12.5799
CETS,2023-07-27,CNYRUB_TOM,CNYRUB_TOM,12.59,12.572,12.644,12.644,31245,12.5983
CETS,2023-07-28,CNYRUB_TOM,CNYRUB_TOM,12.644,12.627,12.808,12.8,38410,12.7009
CETS,2023-07-31,CNYRUB_TOM,CNYRUB_TOM,12.813,12.731,12.93,12.808,35074,12.8051
CETS,2023-08-01,CNYRUB_TOM,CNYRUB_TOM,12.813,12.751,12.844,12.838,36727,12.7937
CETS,2023-08-02,CNYRUB_TOM,CNYRUB_TOM,12.855,12.791,13.077,13.069,41288,12.9394
CETS,2023-08-03,CNYRUB_TOM,CNYRUB_TOM,13.069,12.96,13.159,13.117,49730,13.0542
CETS,2023-08-04,CNYRUB_TOM,CNYRUB_TOM,13.123,13.091,13.379,13.333,48052,13.1974
CETS,2023-08-07,CNYRUB_TOM,CNYRUB_TOM,13.333,13.175,13.47,13.24,67737,13.3848
CETS,2023-08-08,CNYRUB_TOM,CNYRUB_TOM,13.229,13.21,13.448,13.419,60945,13.2981
CETS,2023-08-09,CNYRUB_TOM,CNYRUB_TOM,13.443,13.389,13.568,13.432,60989,13.4807
CETS,2023-08-10,CNYRUB_TOM,CNYRUB_TOM,13.43,13.36,13.548,13.465,64551,13.453
CETS,2023-08-11,CNYRUB_TOM,CNYRUB_TOM,13.461,13.426,13.697,13.695,74822,13.547
CETS,2023-08-14,CNYRUB_TOM,CNYRUB_TOM,13.699,13.279,13.96,13.39,85390,13.7873
CETS,2023-08-15,CNYRUB_TOM,CNYRUB_TOM,13.327,13.029,13.555,13.254,92316,13.3168
CETS,2023-08-16,CNYRUB_TOM,CNYRUB_TOM,13.188,12.865,13.323,12.902,71066,13.1502
CETS,2023-08-17,CNYRUB_TOM,CNYRUB_TOM,12.93,12.622,13.01,12.774,98222,12.8025
CETS,2023-08-18,CNYRUB_TOM,CNYRUB_TOM,12.77,12.658,12.852,12.827,51191,12.7686
CETS,2023-08-21,CNYRUB_TOM,CNYRUB_TOM,12.834,12.701,12.933,12.799,63992,12.8453
CETS,2023-08-22,CNYRUB_TOM,CNYRUB_TOM,12.809,12.795,12.91,12.885,55816,12.873
CETS,2023-08-23,CNYRUB_TOM,CNYRUB_TOM,12.885,12.861,12.995,12.899,52061,12.9118
CETS,2023-08-24,CNYRUB_TOM,CNYRUB_TOM,12.973,12.912,13.005,12.972,52629,12.9442
CETS,2023-08-25,CNYRUB_TOM,CNYRUB_TOM,12.974,12.925,13.103,13.049,41346,12.9922
CETS,2023-08-28,CNYRUB_TOM,CNYRUB_TOM,13.087,13.0,13.137,13.058,49220,13.0539
CETS,2023-08-29,CNYRUB_TOM,CNYRUB_TOM,13.078,13.058,13.181,13.094,49550,13.1096
CETS,2023-08-30,CNYRUB_TOM,CNYRUB_TOM,13.128,13.102,13.17,13.17,34429,13.1377
CETS,2023-08-31,CNYRUB_TOM,CNYRUB_TOM,13.175,13.131,13.22,13.17,42052,13.188
CETS,2023-09-01,CNYRUB_TOM,CNYRUB_TOM,13.18,13.18,13.305,13.264,47095,13.2456
CETS,2023-09-04,CNYRUB_TOM,CNYRUB_TOM,13.28,13.257,13.324,13.3,29569,13.2862
CETS,2023-09-05,CNYRUB_TOM,CNYRUB_TOM,13.31,13.306,13.379,13.379,39830,13.3444
CETS,2023-09-06,CNYRUB_TOM,CNYRUB_TOM,13.368,13.313,13.45,13.401,69274,13.3795
CETS,2023-09-07,CNYRUB_TOM,CNYRUB_TOM,13.442,13.231,13.443,13.417,61097,13.3777
CETS,2023-09-08,CNYRUB_TOM,CNYRUB_TOM,13.415,13.253,13.415,13.267,40698,13.3139
CETS,2023-09-11,CNYRUB_TOM,CNYRUB_TOM,13.257,13.011,13.305,13.019,52219,13.188
CETS,2023-09-12,CNYRUB_TOM,CNYRUB_TOM,13.02,12.652,13.039,12.988,80546,12.9407
CETS,2023-09-13,CNYRUB_TOM,CNYRUB_TOM,12.991,12.944,13.293,13.235,49939,13.1793
CETS,2023-09-14,CNYRUB_TOM,CNYRUB_TOM,13.235,13.121,13.366,13.35,73693,13.222
CETS,2023-09-15,CNYRUB_TOM,CNYRUB_TOM,13.34,13.185,13.374,13.251,63415,13.2738
CETS,2023-09-18,CNYRUB_TOM,CNYRUB_TOM,13.24,13.172,13.32,13.205,55673,13.237
CETS,2023-09-19,CNYRUB_TOM,CNYRUB_TOM,13.205,13.113,13.29,13.261,49089,13.173
CETS,2023-09-20,CNYRUB_TOM,CNYRUB_TOM,13.28,13.161,13.28,13.161,72038,13.21
CETS,2023-09-21,CNYRUB_TOM,CNYRUB_TOM,13.115,12.992,13.199,13.108,63483,13.1307
CETS,2023-09-22,CNYRUB_TOM,CNYRUB_TOM,13.108,13.106,13.164,13.159,57753,13.1407
CETS,2023-09-25,CNYRUB_TOM,CNYRUB_TOM,13.166,13.107,13.19,13.144,57793,13.142
CETS,2023-09-26,CNYRUB_TOM,CNYRUB_TOM,13.144,13.123,13.171,13.149,43329,13.1512
CETS,2023-09-27,CNYRUB_TOM,CNYRUB_TOM,13.149,13.149,13.213,13.213,31650,13.1838
CETS,2023-09-28,CNYRUB_TOM,CNYRUB_TOM,13.22,13.214,13.327,13.308,51048,13.2797
CETS,2023-09-29,CNYRUB_TOM,CNYRUB_TOM,13.31,13.292,13.498,13.493,36289,13.3729
CETS,2023-10-02,CNYRUB_TOM,CNYRUB_TOM,13.5,13.414,13.628,13.6,34850,13.5125
CETS,2023-10-03,CNYRUB_TOM,CNYRUB_TOM,13.634,13.512,13.65,13.597,37064,13.5557
CETS,2023-10-04,CNYRUB_TOM,CNYRUB_TOM,13.597,13.533,13.648,13.629,34174,13.5827
CETS,2023-10-05,CNYRUB_TOM,CNYRUB_TOM,13.647,13.585,13.727,13.727,36537,13.6261
CETS,2023-10-06,CNYRUB_TOM,CNYRUB_TOM,13.74,13.625,13.87,13.715,49795,13.7359
CETS,2023-10-09,CNYRUB_TOM,CNYRUB_TOM,13.714,13.526,14.03,13.585,73093,13.8463
CETS,2023-10-10,CNYRUB_TOM,CNYRUB_TOM,13.583,13.582,13.816,13.731,66308,13.6842
CETS,2023-10-11,CNYRUB_TOM,CNYRUB_TOM,13.756,13.64,13.813,13.708,46250,13.7015
CETS,2023-10-12,CNYRUB_TOM,CNYRUB_TOM,13.429,13.203,13.429,13.3,95634,13.2905
CETS,2023-10-13,CNYRUB_TOM,CNYRUB_TOM,13.302,13.246,13.385,13.31,47068,13.305
CETS,2023-10-16,CNYRUB_TOM,CNYRUB_TOM,13.296,13.24,13.348,13.298,51334,13.2892
CETS,2023-10-17,CNYRUB_TOM,CNYRUB_TOM,13.301,13.253,13.369,13.32,45526,13.2903
CETS,2023-10-18,CNYRUB_TOM,CNYRUB_TOM,13.348,13.233,13.35,13.286,58051,13.2885
CETS,2023-10-19,CNYRUB_TOM,CNYRUB_TOM,13.256,13.173,13.302,13.225,53354,13.243
CETS,2023-10-20,CNYRUB_TOM,CNYRUB_TOM,13.18,12.998,13.219,13.004,52532,13.0762
CETS,2023-10-23,CNYRUB_TOM,CNYRUB_TOM,13.0,12.86,13.076,12.882,55334,12.9268
CETS,2023-10-24,CNYRUB_TOM,CNYRUB_TOM,12.882,12.711,12.902,12.74,51116,12.7683
CETS,2023-10-25,CNYRUB_TOM,CNYRUB_TOM,12.736,12.661,12.753,12.718,73928,12.7093
CETS,2023-10-26,CNYRUB_TOM,CNYRUB_TOM,12.73,12.697,12.865,12.778,139374,12.7561
CETS,2023-10-27,CNYRUB_TOM,CNYRUB_TOM,12.803,12.61,12.885,12.8,109552,12.7232
CETS,2023-10-30,CNYRUB_TOM,CNYRUB_TOM,12.8,12.634,12.852,12.64,88607,12.7121
CETS,2023-10-31,CNYRUB_TOM,CNYRUB_TOM,12.641,12.483,12.757,12.685,84132,12.5865
CETS,2023-11-01,CNYRUB_TOM,CNYRUB_TOM,12.699,12.612,12.775,12.639,82662,12.6971
CETS,2023-11-02,CNYRUB_TOM,CNYRUB_TOM,12.642,12.641,12.734,12.71,60151,12.7071
CETS,2023-11-03,CNYRUB_TOM,CNYRUB_TOM,12.718,12.519,12.784,12.657,74681,12.6895
CETS,2023-11-06,CNYRUB_TOM,CNYRUB_TOM,12.68,12.626,12.701,12.679,7558,12.669
CETS,2023-11-07,CNYRUB_TOM,CNYRUB_TOM,12.68,12.627,12.735,12.678,68314,12.6678
CETS,2023-11-08,CNYRUB_TOM,CNYRUB_TOM,12.686,12.603,12.696,12.624,41791,12.6586
CETS,2023-11-09,CNYRUB_TOM,CNYRUB_TOM,12.625,12.577,12.653,12.6,43740,12.603
CETS,2023-11-10,CNYRUB_TOM,CNYRUB_TOM,12.592,12.58,12.629,12.611,40972,12.6034
CETS,2023-11-13,CNYRUB_TOM,CNYRUB_TOM,12.65,12.533,12.652,12.545,46271,12.6036
CETS,2023-11-14,CNYRUB_TOM,CNYRUB_TOM,12.547,12.409,12.573,12.47,56127,12.4887
CETS,2023-11-15,CNYRUB_TOM,CNYRUB_TOM,12.459,12.245,12.49,12.321,68163,12.3373
CETS,2023-11-16,CNYRUB_TOM,CNYRUB_TOM,12.297,12.208,12.329,12.275,59300,12.2516
CETS,2023-11-17,CNYRUB_TOM,CNYRUB_TOM,12.352,12.257,12.503,12.469,51782,12.3294
CETS,2023-11-20,CNYRUB_TOM,CNYRUB_TOM,12.469,12.263,12.508,12.318,81406,12.33
CETS,2023-11-21,CNYRUB_TOM,CNYRUB_TOM,12.321,12.264,12.344,12.292,77923,12.3003
CETS,2023-11-22,CNYRUB_TOM,CNYRUB_TOM,12.3,12.272,12.328,12.302,38678,12.3036
CETS,2023-11-23,CNYRUB_TOM,CNYRUB_TOM,12.305,12.282,12.359,12.339,45979,12.3269
CETS,2023-11-24,CNYRUB_TOM,CNYRUB_TOM,12.345,12.327,12.47,12.387,50729,12.3956
CETS,2023-11-27,CNYRUB_TOM,CNYRUB_TOM,12.399,12.31,12.444,12.39,37921,12.3801
CETS,2023-11-28,CNYRUB_TOM,CNYRUB_TOM,12.387,12.356,12.5,12.481,38044,12.3844
CETS,2023-11-29,CNYRUB_TOM,CNYRUB_TOM,12.5,12.372,12.51,12.407,59077,12.4422
CETS,2023-11-30,CNYRUB_TOM,CNYRUB_TOM,12.416,12.372,12.513,12.489,45531,12.408
CETS,2023-12-01,CNYRUB_TOM,CNYRUB_TOM,12.487,12.453,12.635,12.625,36972,12.558
CETS,2023-12-04,CNYRUB_TOM,CNYRUB_TOM,12.62,12.611,12.761,12.733,42200,12.6917
CETS,2023-12-05,CNYRUB_TOM,CNYRUB_TOM,12.7385,12.724,12.9275,12.8775,61445,12.8292
CETS,2023-12-06,CNYRUB_TOM,CNYRUB_TOM,12.8955,12.811,13.0455,12.945,66393,12.9411
CETS,2023-12-07,CNYRUB_TOM,CNYRUB_TOM,12.961,12.85,13.04,12.8515,46384,12.9258
CETS,2023-12-08,CNYRUB_TOM,CNYRUB_TOM,12.873,12.671,12.8825,12.786,64684,12.7858
CETS,2023-12-11,CNYRUB_TOM,CNYRUB_TOM,12.8095,12.5805,12.811,12.608,84921,12.6487
CETS,2023-12-12,CNYRUB_TOM,CNYRUB_TOM,12.6,12.513,12.609,12.5285,52976,12.5602
CETS,2023-12-13,CNYRUB_TOM,CNYRUB_TOM,12.535,12.465,12.543,12.51,54397,12.4978
CETS,2023-12-14,CNYRUB_TOM,CNYRUB_TOM,12.51,12.4985,12.66,12.655,59515,12.5574
CETS,2023-12-15,CNYRUB_TOM,CNYRUB_TOM,12.655,12.5635,12.69,12.6435,72746,12.619
CETS,2023-12-18,CNYRUB_TOM,CNYRUB_TOM,12.662,12.5605,12.6965,12.597,82896,12.6492
CETS,2023-12-19,CNYRUB_TOM,CNYRUB_TOM,12.597,12.529,12.67,12.665,87810,12.5912
CETS,2023-12-20,CNYRUB_TOM,CNYRUB_TOM,12.681,12.612,12.743,12.743,66162,12.6749
CETS,2023-12-21,CNYRUB_TOM,CNYRUB_TOM,12.743,12.664,12.9585,12.85,95701,12.8214
CETS,2023-12-22,CNYRUB_TOM,CNYRUB_TOM,12.849,12.801,12.917,12.839,62239,12.8585
CETS,2023-12-25,CNYRUB_TOM,CNYRUB_TOM,12.84,12.721,12.866,12.761,47996,12.8221
CETS,2023-12-26,CNYRUB_TOM,CNYRUB_TOM,12.7585,12.7415,12.8365,12.788,57059,12.7902
CETS,2023-12-27,CNYRUB_TOM,CNYRUB_TOM,12.788,12.735,12.824,12.735,84770,12.7962
CETS,2023-12-28,CNYRUB_TOM,CNYRUB_TOM,12.7475,12.5605,12.78,12.6,92940,12.6639
CETS,2023-12-29,CNYRUB_TOM,CNYRUB_TOM,12.6005,12.482,12.744,12.6115,63839,12.5922
CETS,2024-01-03,CNYRUB_TOM,CNYRUB_TOM,12.736,12.664,12.777,12.752,14385,12.7257
CETS,2024-01-04,CNYRUB_TOM,CNYRUB_TOM,12.737,12.648,12.7755,12.676,19600,12.7068
CETS,2024-01-05,CNYRUB_TOM,CNYRUB_TOM,12.676,12.6225,12.7035,12.65,9771,12.6485
CETS,2024-01-08,CNYRUB_TOM,CNYRUB_TOM,12.66,12.573,12.7495,12.711,13458,12.6447
CETS,2024-01-09,CNYRUB_TOM,CNYRUB_TOM,12.7135,12.398,12.739,12.4935,96991,12.5615
CETS,2024-01-10,CNYRUB_TOM,CNYRUB_TOM,12.5,12.384,12.535,12.409,71146,12.4317
CETS,2024-01-11,CNYRUB_TOM,CNYRUB_TOM,12.426,12.3155,12.4475,12.323,82118,12.3647
CETS,2024-01-12,CNYRUB_TOM,CNYRUB_TOM,12.323,12.2145,12.329,12.226,80728,12.2459
CETS,2024-01-15,CNYRUB_TOM,CNYRUB_TOM,12.226,12.1025,12.24,12.1335,64666,12.1552
CETS,2024-01-16,CNYRUB_TOM,CNYRUB_TOM,12.134,12.0975,12.3355,12.12,81519,12.1301
CETS,2024-01-17,CNYRUB_TOM,CNYRUB_TOM,12.12,12.12,12.256,12.2165,77337,12.1933
CETS,2024-01-18,CNYRUB_TOM,CNYRUB_TOM,12.234,12.211,12.363,12.265,69767,12.2536
CETS,2024-01-19,CNYRUB_TOM,CNYRUB_TOM,12.274,12.215,12.335,12.216,55082,12.2644
CETS,2024-01-22,CNYRUB_TOM,CNYRUB_TOM,12.2245,12.1515,12.278,12.19,57269,12.1853
CETS,2024-01-23,CNYRUB_TOM,CNYRUB_TOM,12.1925,12.1825,12.288,12.278,74894,12.2362
CETS,2024-01-24,CNYRUB_TOM,CNYRUB_TOM,12.3,12.2435,12.349,12.346,92888,12.2957
CETS,2024-01-25,CNYRUB_TOM,CNYRUB_TOM,12.346,12.3025,12.4085,12.379,101588,12.3439
CETS,2024-01-26,CNYRUB_TOM,CNYRUB_TOM,12.393,12.37,12.4935,12.487,71569,12.4432
CETS,2024-01-29,CNYRUB_TOM,CNYRUB_TOM,12.4905,12.344,12.531,12.3545,67284,12.4426
CETS,2024-01-30,CNYRUB_TOM,CNYRUB_TOM,12.356,12.322,12.44,12.439,58223,12.4059
CETS,2024-01-31,CNYRUB_TOM,CNYRUB_TOM,12.4505,12.4095,12.509,12.501,62697,12.4617
CETS,2024-02-01,CNYRUB_TOM,CNYRUB_TOM,12.513,12.476,12.574,12.566,51065,12.5398
CETS,2024-02-02,CNYRUB_TOM,CNYRUB_TOM,12.589,12.5455,12.6545,12.612,58286,12.6053
CETS,2024-02-05,CNYRUB_TOM,CNYRUB_TOM,12.6255,12.473,12.668,12.55,75147,12.5987
CETS,2024-02-06,CNYRUB_TOM,CNYRUB_TOM,12.5685,12.5505,12.66,12.648,70365,12.6031
CETS,2024-02-07,CNYRUB_TOM,CNYRUB_TOM,12.66,12.595,12.672,12.6505,60470,12.6428
CETS,2024-02-08,CNYRUB_TOM,CNYRUB_TOM,12.662,12.5375,12.686,12.556,105113,12.626
CETS,2024-02-09,CNYRUB_TOM,CNYRUB_TOM,12.585,12.5105,12.6165,12.571,61649,12.5419
CETS,2024-02-12,CNYRUB_TOM,CNYRUB_TOM,12.572,12.521,12.6095,12.6,49799,12.5654
CETS,2024-02-13,CNYRUB_TOM,CNYRUB_TOM,12.6,12.54,12.606,12.557,45630,12.5726
CETS,2024-02-14,CNYRUB_TOM,CNYRUB_TOM,12.557,12.543,12.615,12.583,49165,12.5875
CETS,2024-02-15,CNYRUB_TOM,CNYRUB_TOM,12.5835,12.5625,12.748,12.7385,81499,12.6679
CETS,2024-02-16,CNYRUB_TOM,CNYRUB_TOM,12.7385,12.65,12.8115,12.6515,89179,12.7333
CETS,2024-02-19,CNYRUB_TOM,CNYRUB_TOM,12.663,12.652,12.7965,12.78,78656,12.7657
CETS,2024-02-20,CNYRUB_TOM,CNYRUB_TOM,12.7855,12.777,12.848,12.7995,110445,12.7981
CETS,2024-02-21,CNYRUB_TOM,CNYRUB_TOM,12.805,12.767,12.83,12.7935,78904,12.7991
CETS,2024-02-22,CNYRUB_TOM,CNYRUB_TOM,12.7935,12.732,12.834,12.809,103891,12.7904
CETS,2024-02-26,CNYRUB_TOM,CNYRUB_TOM,12.837,12.7065,12.8795,12.76,73725,12.7782
CETS,2024-02-27,CNYRUB_TOM,CNYRUB_TOM,12.77,12.7,12.788,12.734,71100,12.7427
CETS,2024-02-28,CNYRUB_TOM,CNYRUB_TOM,12.735,12.5975,12.756,12.6025,102763,12.6865
CETS,2024-02-29,CNYRUB_TOM,CNYRUB_TOM,12.6245,12.521,12.6375,12.582,91410,12.5691
CETS,2024-03-01,CNYRUB_TOM,CNYRUB_TOM,12.582,12.5805,12.68,12.665,50671,12.6338
CETS,2024-03-04,CNYRUB_TOM,CNYRUB_TOM,12.6915,12.6305,12.721,12.657,39718,12.6513
CETS,2024-03-05,CNYRUB_TOM,CNYRUB_TOM,12.645,12.549,12.66,12.5575,70354,12.6086
CETS,2024-03-06,CNYRUB_TOM,CNYRUB_TOM,12.558,12.471,12.5755,12.533,60695,12.5169
CETS,2024-03-07,CNYRUB_TOM,CNYRUB_TOM,12.548,12.5345,12.6185,12.6005,42507,12.5811
CETS,2024-03-11,CNYRUB_TOM,CNYRUB_TOM,12.601,12.571,12.6275,12.595,67018,12.5956
CETS,2024-03-12,CNYRUB_TOM,CNYRUB_TOM,12.595,12.585,12.775,12.769,60539,12.6703
CETS,2024-03-13,CNYRUB_TOM,CNYRUB_TOM,12.7735,12.637,12.785,12.6865,83989,12.6982
CETS,2024-03-14,CNYRUB_TOM,CNYRUB_TOM,12.7,12.6745,12.7425,12.7,60096,12.7103
CETS,2024-03-15,CNYRUB_TOM,CNYRUB_TOM,12.7,12.69,12.882,12.87,51230,12.7511
CETS,2024-03-18,CNYRUB_TOM,CNYRUB_TOM,12.854,12.654,12.938,12.73,76194,12.7483
CETS,2024-03-19,CNYRUB_TOM,CNYRUB_TOM,12.74,12.7065,12.839,12.834,63898,12.7796
CETS,2024-03-20,CNYRUB_TOM,CNYRUB_TOM,12.834,12.763,12.861,12.798,55153,12.8213
CETS,2024-03-21,CNYRUB_TOM,CNYRUB_TOM,12.7985,12.6625,12.8225,12.7295,93713,12.742
CETS,2024-03-22,CNYRUB_TOM,CNYRUB_TOM,12.716,12.68,12.784,12.7485,68261,12.7427
CETS,2024-03-25,CNYRUB_TOM,CNYRUB_TOM,12.8005,12.754,12.835,12.777,44307,12.7877
CETS,2024-03-26,CNYRUB_TOM,CNYRUB_TOM,12.796,12.761,12.805,12.799,51939,12.786
CETS,2024-03-27,CNYRUB_TOM,CNYRUB_TOM,12.799,12.6215,12.799,12.662,105065,12.704
CETS,2024-03-28,CNYRUB_TOM,CNYRUB_TOM,12.6635,12.6495,12.732,12.714,62719,12.7011
CETS,2024-03-29,CNYRUB_TOM,CNYRUB_TOM,12.714,12.612,12.757,12.671,88172,12.6737
CETS,2024-04-01,CNYRUB_TOM,CNYRUB_TOM,12.682,12.665,12.712,12.685,56874,12.6903
CETS,2024-04-02,CNYRUB_TOM,CNYRUB_TOM,12.681,12.677,12.75,12.72,49772,12.7209
CETS,2024-04-03,CNYRUB_TOM,CNYRUB_TOM,12.7295,12.65,12.7805,12.7215,57511,12.7156
CETS,2024-04-04,CNYRUB_TOM,CNYRUB_TOM,12.723,12.689,12.7425,12.724,45821,12.7153
CETS,2024-04-05,CNYRUB_TOM,CNYRUB_TOM,12.721,12.719,12.792,12.759,56988,12.7589
CETS,2024-04-08,CNYRUB_TOM,CNYRUB_TOM,12.759,12.7525,12.7885,12.775,35006,12.77
CETS,2024-04-09,CNYRUB_TOM,CNYRUB_TOM,12.779,12.775,12.825,12.823,41719,12.7997
CETS,2024-04-10,CNYRUB_TOM,CNYRUB_TOM,12.83,12.816,12.8985,12.8755,51798,12.8731
CETS,2024-04-11,CNYRUB_TOM,CNYRUB_TOM,12.89,12.8345,12.94,12.8555,48558,12.8985
CETS,2024-04-12,CNYRUB_TOM,CNYRUB_TOM,12.86,12.8395,12.915,12.857,36962,12.8698
CETS,2024-04-15,CNYRUB_TOM,CNYRUB_TOM,12.86,12.856,12.9015,12.8845,37658,12.8823
CETS,2024-04-16,CNYRUB_TOM,CNYRUB_TOM,12.894,12.8815,12.984,12.9775,52433,12.9364
CETS,2024-04-17,CNYRUB_TOM,CNYRUB_TOM,12.9805,12.95,13.029,12.98,40880,12.9941
CETS,2024-04-18,CNYRUB_TOM,CNYRUB_TOM,12.99,12.9245,13.013,12.9535,54056,12.9706
CETS,2024-04-19,CNYRUB_TOM,CNYRUB_TOM,12.8535,12.8045,12.968,12.84,55764,12.874
CETS,2024-04-22,CNYRUB_TOM,CNYRUB_TOM,12.854,12.8255,12.872,12.8505,51849,12.852
CETS,2024-04-23,CNYRUB_TOM,CNYRUB_TOM,12.851,12.79,12.8695,12.806,42333,12.8365
CETS,2024-04-24,CNYRUB_TOM,CNYRUB_TOM,12.814,12.6605,12.8205,12.6745,53639,12.7175
CETS,2024-04-25,CNYRUB_TOM,CNYRUB_TOM,12.6705,12.6435,12.719,12.652,64114,12.6716
CETS,2024-04-26,CNYRUB_TOM,CNYRUB_TOM,12.67,12.4965,12.7185,12.574,97499,12.6068
CETS,2024-04-27,CNYRUB_TOM,CNYRUB_TOM,12.574,12.5375,12.702,12.7,35247,12.5785
CETS,2024-04-29,CNYRUB_TOM,CNYRUB_TOM,12.7025,12.681,12.7565,12.739,19602,12.7387
CETS,2024-04-30,CNYRUB_TOM,CNYRUB_TOM,12.739,12.704,12.752,12.739,18545,12.73
CETS,2024-05-02,CNYRUB_TOM,CNYRUB_TOM,12.743,12.631,12.765,12.703,58938,12.6892
CETS,2024-05-03,CNYRUB_TOM,CNYRUB_TOM,12.703,12.676,12.7365,12.6955,52701,12.7015
CETS,2024-05-06,CNYRUB_TOM,CNYRUB_TOM,12.6955,12.6055,12.718,12.6445,52710,12.65
CETS,2024-05-07,CNYRUB_TOM,CNYRUB_TOM,12.644,12.563,12.6545,12.596,71982,12.5985
CETS,2024-05-08,CNYRUB_TOM,CNYRUB_TOM,12.604,12.584,12.647,12.6255,66546,12.6228
CETS,2024-05-10,CNYRUB_TOM,CNYRUB_TOM,12.632,12.6135,12.6975,12.692,33710,12.6688
CETS,2024-05-13,CNYRUB_TOM,CNYRUB_TOM,12.6925,12.567,12.717,12.5765,54771,12.6216
CETS,2024-05-14,CNYRUB_TOM,CNYRUB_TOM,12.5885,12.5585,12.627,12.6085,50471,12.6012
CETS,2024-05-15,CNYRUB_TOM,CNYRUB_TOM,12.6095,12.552,12.637,12.5735,44262,12.6036
CETS,2024-05-16,CNYRUB_TOM,CNYRUB_TOM,12.5815,12.552,12.605,12.5875,54347,12.5827
CETS,2024-05-17,CNYRUB_TOM,CNYRUB_TOM,12.5875,12.556,12.601,12.5715,36210,12.576
CETS,2024-05-20,CNYRUB_TOM,CNYRUB_TOM,12.572,12.473,12.582,12.503,47868,12.513
CETS,2024-05-21,CNYRUB_TOM,CNYRUB_TOM,12.505,12.3955,12.5185,12.408,50621,12.4601
CETS,2024-05-22,CNYRUB_TOM,CNYRUB_TOM,12.4155,12.368,12.444,12.409,40716,12.4213
CETS,2024-05-23,CNYRUB_TOM,CNYRUB_TOM,12.409,12.3865,12.438,12.39,41283,12.4216
CETS,2024-05-24,CNYRUB_TOM,CNYRUB_TOM,12.39,12.2675,12.403,12.288,56944,12.3287
CETS,2024-05-27,CNYRUB_TOM,CNYRUB_TOM,12.3,12.141,12.3225,12.1775,74033,12.195
CETS,2024-05-28,CNYRUB_TOM,CNYRUB_TOM,12.1755,12.13,12.21,12.1885,67003,12.1702
CETS,2024-05-29,CNYRUB_TOM,CNYRUB_TOM,12.199,12.181,12.338,12.301,51691,12.276
CETS,2024-05-30,CNYRUB_TOM,CNYRUB_TOM,12.3095,12.307,12.39,12.3655,43462,12.3656
CETS,2024-05-31,CNYRUB_TOM,CNYRUB_TOM,12.389,12.377,12.439,12.388,49541,12.403
CETS,2024-06-03,CNYRUB_TOM,CNYRUB_TOM,12.372,12.22,12.412,12.2725,65340,12.2976
CETS,2024-06-04,CNYRUB_TOM,CNYRUB_TOM,12.2895,12.1775,12.3135,12.229,58736,12.2311
CETS,2024-06-05,CNYRUB_TOM,CNYRUB_TOM,12.229,12.181,12.2615,12.216,51537,12.2254
CETS,2024-06-06,CNYRUB_TOM,CNYRUB_TOM,12.216,12.17,12.267,12.2255,55736,12.2265
CETS,2024-06-07,CNYRUB_TOM,CNYRUB_TOM,12.2205,12.195,12.3175,12.2555,60058,12.237
CETS,2024-06-10,CNYRUB_TOM,CNYRUB_TOM,12.256,12.171,12.286,12.1725,65243,12.2181
CETS,2024-06-11,CNYRUB_TOM,CNYRUB_TOM,12.18,12.167,12.2605,12.2255,47273,12.2305
CETS,2024-06-13,CNYRUB_TOM,CNYRUB_TOM,12.49,11.843,12.49,12.2205,131658,12.0729
CETS,2024-06-14,CNYRUB_TOM,CNYRUB_TOM,12.2195,12.1105,12.24,12.15,69784,12.1606
CETS,2024-06-17,CNYRUB_TOM,CNYRUB_TOM,12.1595,11.9425,12.178,11.951,40836,12.0822
CETS,2024-06-18,CNYRUB_TOM,CNYRUB_TOM,11.967,11.44,11.967,11.45,67954,11.763
CETS,2024-06-19,CNYRUB_TOM,CNYRUB_TOM,11.38,10.8445,11.426,11.1925,126079,11.1732
CETS,2024-06-20,CNYRUB_TOM,CNYRUB_TOM,11.19,11.084,11.98,11.949,125837,11.5488
CETS,2024-06-21,CNYRUB_TOM,CNYRUB_TOM,12.008,11.651,12.385,12.0455,112169,12.0418
CETS,2024-06-24,CNYRUB_TOM,CNYRUB_TOM,11.9325,11.5855,12.167,11.6795,79406,11.8373
CETS,2024-06-25,CNYRUB_TOM,CNYRUB_TOM,11.68,11.6535,11.914,11.895,59346,11.817
CETS,2024-06-26,CNYRUB_TOM,CNYRUB_TOM,11.93,11.65,11.9825,11.713,65337,11.8158
CETS,2024-06-27,CNYRUB_TOM,CNYRUB_TOM,11.72,11.403,11.7245,11.5255,86317,11.4936
CETS,2024-06-28,CNYRUB_TOM,CNYRUB_TOM,11.525,11.45,11.7925,11.7345,92326,11.588
CETS,2024-07-01,CNYRUB_TOM,CNYRUB_TOM,11.71,11.6735,11.8915,11.8755,54657,11.8075
CETS,2024-07-02,CNYRUB_TOM,CNYRUB_TOM,11.882,11.8,11.9375,11.814,52936,11.8929
CETS,2024-07-03,CNYRUB_TOM,CNYRUB_TOM,11.821,11.8125,11.935,11.903,30849,11.8991
CETS,2024-07-04,CNYRUB_TOM,CNYRUB_TOM,11.904,11.904,12.0235,11.99,27545,11.9936
CETS,2024-07-05,CNYRUB_TOM,CNYRUB_TOM,12.002,11.923,12.0835,11.973,42166,11.9974
CETS,2024-07-08,CNYRUB_TOM,CNYRUB_TOM,11.985,11.884,12.042,11.9105,32750,11.9736
CETS,2024-07-09,CNYRUB_TOM,CNYRUB_TOM,11.92,11.896,11.985,11.949,31137,11.9454
CETS,2024-07-10,CNYRUB_TOM,CNYRUB_TOM,11.948,11.9125,12.0045,11.984,31656,11.963
CETS,2024-07-11,CNYRUB_TOM,CNYRUB_TOM,11.984,11.95,12.07,11.952,21336,11.9952
CETS,2024-07-12,CNYRUB_TOM,CNYRUB_TOM,11.97,11.944,12.0055,11.97,24357,11.9751
CETS,2024-07-15,CNYRUB_TOM,CNYRUB_TOM,11.9775,11.9435,12.0925,12.086,30571,12.0038
CETS,2024-07-16,CNYRUB_TOM,CNYRUB_TOM,12.1,12.0105,12.1,12.039,25315,12.05
CETS,2024-07-17,CNYRUB_TOM,CNYRUB_TOM,12.05,12.002,12.0685,12.003,32964,12.0493
CETS,2024-07-18,CNYRUB_TOM,CNYRUB_TOM,12.0,11.9955,12.0425,12.0285,47255,12.024
CETS,2024-07-19,CNYRUB_TOM,CNYRUB_TOM,12.035,11.95,12.068,11.9715,40444,12.0139
CETS,2024-07-22,CNYRUB_TOM,CNYRUB_TOM,11.98,11.95,12.0065,11.972,45293,11.9736
CETS,2024-07-23,CNYRUB_TOM,CNYRUB_TOM,11.987,11.834,11.987,11.9035,46265,11.9065
CETS,2024-07-24,CNYRUB_TOM,CNYRUB_TOM,11.884,11.79,11.889,11.8105,35334,11.8242
CETS,2024-07-25,CNYRUB_TOM,CNYRUB_TOM,11.7985,11.6815,11.8045,11.766,58361,11.7426
CETS,2024-07-26,CNYRUB_TOM,CNYRUB_TOM,11.7495,11.6665,11.876,11.85,65477,11.7397
CETS,2024-07-29,CNYRUB_TOM,CNYRUB_TOM,11.8415,11.7785,11.899,11.795,51884,11.844
CETS,2024-07-30,CNYRUB_TOM,CNYRUB_TOM,11.7925,11.78,11.875,11.846,59385,11.8429
CETS,2024-07-31,CNYRUB_TOM,CNYRUB_TOM,11.85,11.812,11.901,11.84,32793,11.8668
CETS,2024-08-01,CNYRUB_TOM,CNYRUB_TOM,11.844,11.7295,11.8495,11.7755,41589,11.7848
CETS,2024-08-02,CNYRUB_TOM,CNYRUB_TOM,11.7505,11.7505,11.8695,11.76,48847,11.8237
CETS,2024-08-05,CNYRUB_TOM,CNYRUB_TOM,11.76,11.748,11.9505,11.8445,44609,11.8483
CETS,2024-08-06,CNYRUB_TOM,CNYRUB_TOM,11.8315,11.737,11.877,11.85,36180,11.7994
CETS,2024-08-07,CNYRUB_TOM,CNYRUB_TOM,11.851,11.761,11.8585,11.83,29937,11.8129
CETS,2024-08-08,CNYRUB_TOM,CNYRUB_TOM,11.83,11.782,11.908,11.858,39726,11.8718
CETS,2024-08-09,CNYRUB_TOM,CNYRUB_TOM,11.8645,11.8515,11.929,11.875,35806,11.8907
CETS,2024-08-12,CNYRUB_TOM,CNYRUB_TOM,11.9,11.815,11.938,11.891,32528,11.8752
CETS,2024-08-13,CNYRUB_TOM,CNYRUB_TOM,11.9185,11.9085,12.1145,12.0785,56104,12.0294
CETS,2024-08-14,CNYRUB_TOM,CNYRUB_TOM,12.094,11.932,12.128,11.94,51789,12.0589
CETS,2024-08-15,CNYRUB_TOM,CNYRUB_TOM,11.96,11.863,12.038,11.982,69036,11.9353
CETS,2024-08-16,CNYRUB_TOM,CNYRUB_TOM,11.998,11.9675,12.0975,12.0685,50640,12.0513
CETS,2024-08-19,CNYRUB_TOM,CNYRUB_TOM,12.0685,12.06,12.137,12.1005,33357,12.1174
CETS,2024-08-20,CNYRUB_TOM,CNYRUB_TOM,12.1015,12.0555,12.1885,12.1865,30068,12.1244
CETS,2024-08-21,CNYRUB_TOM,CNYRUB_TOM,12.19,12.0805,12.2435,12.09,53587,12.1981
CETS,2024-08-22,CNYRUB_TOM,CNYRUB_TOM,12.112,11.83,12.112,11.84,63193,11.9466
CETS,2024-08-23,CNYRUB_TOM,CNYRUB_TOM,11.84,11.668,11.8975,11.841,73658,11.7828
CETS,2024-08-26,CNYRUB_TOM,CNYRUB_TOM,11.864,11.6245,11.864,11.678,85939,11.686
CETS,2024-08-27,CNYRUB_TOM,CNYRUB_TOM,11.65,11.641,11.83,11.799,77584,11.7537
CETS,2024-08-28,CNYRUB_TOM,CNYRUB_TOM,11.808,11.782,11.903,11.839,66614,11.8404
CETS,2024-08-29,CNYRUB_TOM,CNYRUB_TOM,11.853,11.853,11.968,11.925,88440,11.9068
CETS,2024-08-30,CNYRUB_TOM,CNYRUB_TOM,11.9445,11.9295,12.069,12.049,85993,12.0168
CETS,2024-09-02,CNYRUB_TOM,CNYRUB_TOM,12.049,11.9405,12.132,12.045,55073,12.0462
CETS,2024-09-03,CNYRUB_TOM,CNYRUB_TOM,12.02,11.9925,12.225,12.117,47485,12.1129
CETS,2024-09-04,CNYRUB_TOM,CNYRUB_TOM,12.11,12.0885,12.9,12.69,70814,12.5459
CETS,2024-09-05,CNYRUB_TOM,CNYRUB_TOM,12.5905,12.4135,12.74,12.499,50574,12.5021
CETS,2024-09-06,CNYRUB_TOM,CNYRUB_TOM,12.5005,12.469,12.672,12.623,39133,12.5545
CETS,2024-09-09,CNYRUB_TOM,CNYRUB_TOM,12.62,12.566,12.686,12.6465,30505,12.633
CETS,2024-09-10,CNYRUB_TOM,CNYRUB_TOM,12.6425,12.6285,12.756,12.682,37220,12.6955
CETS,2024-09-11,CNYRUB_TOM,CNYRUB_TOM,12.69,12.6525,12.767,12.6945,77750,12.7136
CETS,2024-09-12,CNYRUB_TOM,CNYRUB_TOM,12.7035,12.685,12.768,12.7305,33196,12.7294
CETS,2024-09-13,CNYRUB_TOM,CNYRUB_TOM,12.733,12.674,12.785,12.765,68605,12.7229
CETS,2024-09-16,CNYRUB_TOM,CNYRUB_TOM,12.765,12.735,12.92,12.92,37946,12.7905
CETS,2024-09-17,CNYRUB_TOM,CNYRUB_TOM,12.93,12.8475,12.9665,12.882,45835,12.9174
CETS,2024-09-18,CNYRUB_TOM,CNYRUB_TOM,12.882,12.882,13.005,12.9985,68710,12.9487
CETS,2024-09-19,CNYRUB_TOM,CNYRUB_TOM,13.0,12.94,13.1835,12.967,119502,13.0854
CETS,2024-09-20,CNYRUB_TOM,CNYRUB_TOM,12.975,12.885,13.138,13.1195,78985,13.0488
CETS,2024-09-23,CNYRUB_TOM,CNYRUB_TOM,13.11,13.044,13.166,13.144,42354,13.1174
CETS,2024-09-24,CNYRUB_TOM,CNYRUB_TOM,13.14,13.092,13.2655,13.1265,62881,13.1941
CETS,2024-09-25,CNYRUB_TOM,CNYRUB_TOM,13.1265,13.0575,13.195,13.15,62996,13.1007
CETS,2024-09-26,CNYRUB_TOM,CNYRUB_TOM,13.13,13.107,13.244,13.176,47562,13.1549
CETS,2024-09-27,CNYRUB_TOM,CNYRUB_TOM,13.1975,13.155,13.29,13.281,34237,13.2267
CETS,2024-09-30,CNYRUB_TOM,CNYRUB_TOM,13.28,13.182,13.3175,13.24,41112,13.2376
CETS,2024-10-01,CNYRUB_TOM,CNYRUB_TOM,13.2415,13.11,13.337,13.283,37112,13.2193
CETS,2024-10-02,CNYRUB_TOM,CNYRUB_TOM,13.292,13.25,13.495,13.4945,42147,13.401
CETS,2024-10-03,CNYRUB_TOM,CNYRUB_TOM,13.4945,13.39,13.5655,13.459,42430,13.4751
CETS,2024-10-04,CNYRUB_TOM,CNYRUB_TOM,13.45,13.355,13.483,13.4465,20269,13.4237
CETS,2024-10-07,CNYRUB_TOM,CNYRUB_TOM,13.4,13.395,13.59,13.5095,52531,13.5512
CETS,2024-10-08,CNYRUB_TOM,CNYRUB_TOM,13.503,13.503,13.69,13.6495,47174,13.5977
CETS,2024-10-09,CNYRUB_TOM,CNYRUB_TOM,13.6555,13.621,13.743,13.6775,56987,13.6866
CETS,2024-10-10,CNYRUB_TOM,CNYRUB_TOM,13.68,13.51,13.71,13.5105,46668,13.6818
CETS,2024-10-11,CNYRUB_TOM,CNYRUB_TOM,13.51,13.4325,13.557,13.469,38814,13.4739
CETS,2024-10-14,CNYRUB_TOM,CNYRUB_TOM,13.5325,13.456,13.5675,13.526,26045,13.5014
CETS,2024-10-15,CNYRUB_TOM,CNYRUB_TOM,13.537,13.5005,13.5995,13.58,57845,13.5706
CETS,2024-10-16,CNYRUB_TOM,CNYRUB_TOM,13.581,13.5275,13.6265,13.53,33260,13.5878
CETS,2024-10-17,CNYRUB_TOM,CNYRUB_TOM,13.5425,13.5135,13.5855,13.549,47083,13.5458
CETS,2024-10-18,CNYRUB_TOM,CNYRUB_TOM,13.55,13.3295,13.5595,13.383,60932,13.4508
CETS,2024-10-21,CNYRUB_TOM,CNYRUB_TOM,13.35,13.342,13.55,13.5005,37449,13.4775
CETS,2024-10-22,CNYRUB_TOM,CNYRUB_TOM,13.5005,13.486,13.5725,13.542,25089,13.5465
CETS,2024-10-23,CNYRUB_TOM,CNYRUB_TOM,13.54,13.485,13.572,13.5365,32232,13.5207
CETS,2024-10-24,CNYRUB_TOM,CNYRUB_TOM,13.54,13.5115,13.551,13.549,31869,13.5359
CETS,2024-10-25,CNYRUB_TOM,CNYRUB_TOM,13.55,13.458,13.5645,13.505,42127,13.5009
CETS,2024-10-28,CNYRUB_TOM,CNYRUB_TOM,13.51,13.51,13.642,13.6165,50265,13.6066
CETS,2024-10-29,CNYRUB_TOM,CNYRUB_TOM,13.621,13.538,13.661,13.577,52041,13.5916
CETS,2024-10-30,CNYRUB_TOM,CNYRUB_TOM,13.5715,13.5625,13.614,13.6005,21649,13.5878
CETS,2024-10-31,CNYRUB_TOM,CNYRUB_TOM,13.6005,13.547,13.643,13.575,38477,13.599
CETS,2024-11-01,CNYRUB_TOM,CNYRUB_TOM,13.5825,13.563,13.69,13.6595,22262,13.642
CETS,2024-11-02,CNYRUB_TOM,CNYRUB_TOM,13.66,13.6165,13.7065,13.668,17843,13.6707
CETS,2024-11-05,CNYRUB_TOM,CNYRUB_TOM,13.68,13.677,13.8005,13.704,29784,13.7414
CETS,2024-11-06,CNYRUB_TOM,CNYRUB_TOM,13.668,13.5055,13.702,13.5975,27064,13.6366
CETS,2024-11-07,CNYRUB_TOM,CNYRUB_TOM,13.5915,13.5805,13.6585,13.625,32827,13.6221
CETS,2024-11-08,CNYRUB_TOM,CNYRUB_TOM,13.6105,13.54,13.647,13.57,35715,13.588
CETS,2024-11-11,CNYRUB_TOM,CNYRUB_TOM,13.5995,13.4975,13.6005,13.513,36083,13.5467
CETS,2024-11-12,CNYRUB_TOM,CNYRUB_TOM,13.4765,13.446,13.531,13.5,25461,13.4955
CETS,2024-11-13,CNYRUB_TOM,CNYRUB_TOM,13.5,13.5,13.641,13.6,36485,13.599
CETS,2024-11-14,CNYRUB_TOM,CNYRUB_TOM,13.6,13.584,13.7275,13.715,39007,13.6633
CETS,2024-11-15,CNYRUB_TOM,CNYRUB_TOM,13.7315,13.666,13.85,13.69,51474,13.7811
CETS,2024-11-18,CNYRUB_TOM,CNYRUB_TOM,13.76,13.7195,13.8295,13.7595,49229,13.7579
CETS,2024-11-19,CNYRUB_TOM,CNYRUB_TOM,13.768,13.745,13.85,13.8385,49574,13.7867
CETS,2024-11-20,CNYRUB_TOM,CNYRUB_TOM,13.8425,13.7835,13.8725,13.82,27699,13.8186
CETS,2024-11-21,CNYRUB_TOM,CNYRUB_TOM,13.83,13.8275,13.95,13.95,50694,13.8817
CETS,2024-11-22,CNYRUB_TOM,CNYRUB_TOM,13.9695,13.866,14.0965,14.0765,39792,13.9638
CETS,2024-11-25,CNYRUB_TOM,CNYRUB_TOM,14.0865,14.0865,14.4495,14.3805,37884,14.258
CETS,2024-11-26,CNYRUB_TOM,CNYRUB_TOM,14.4025,14.388,14.6815,14.6705,49278,14.4676
CETS,2024-11-27,CNYRUB_TOM,CNYRUB_TOM,14.733,14.2655,15.1575,14.47,110024,14.8173
CETS,2024-11-28,CNYRUB_TOM,CNYRUB_TOM,14.47,14.47,14.817,14.7285,61990,14.6706
CETS,2024-11-29,CNYRUB_TOM,CNYRUB_TOM,14.7285,14.477,14.8215,14.5005,55135,14.6907
CETS,2024-12-02,CNYRUB_TOM,CNYRUB_TOM,14.504,14.437,14.728,14.608,66596,14.6149
CETS,2024-12-03,CNYRUB_TOM,CNYRUB_TOM,14.6435,14.398,14.6435,14.441,54479,14.526
CETS,2024-12-04,CNYRUB_TOM,CNYRUB_TOM,14.3745,14.129,14.382,14.3315,45658,14.2529
CETS,2024-12-05,CNYRUB_TOM,CNYRUB_TOM,14.34,13.61,14.38,13.93,107909,14.0727
CETS,2024-12-06,CNYRUB_TOM,CNYRUB_TOM,13.7205,13.3465,13.8535,13.41,135177,13.571
CETS,2024-12-09,CNYRUB_TOM,CNYRUB_TOM,13.4985,13.3905,13.8835,13.859,59777,13.5909
CETS,2024-12-10,CNYRUB_TOM,CNYRUB_TOM,13.8675,13.533,13.912,13.7,129693,13.6576
CETS,2024-12-11,CNYRUB_TOM,CNYRUB_TOM,13.767,13.6655,14.061,13.9255,80212,13.8923
CETS,2024-12-12,CNYRUB_TOM,CNYRUB_TOM,13.969,13.7965,14.1375,13.8,73344,13.9432
CETS,2024-12-13,CNYRUB_TOM,CNYRUB_TOM,13.83,13.82,14.0735,13.8695,49568,13.9953
CETS,2024-12-16,CNYRUB_TOM,CNYRUB_TOM,13.878,13.686,13.98,13.859,109462,13.8617
CETS,2024-12-17,CNYRUB_TOM,CNYRUB_TOM,13.859,13.8455,14.07,14.07,74181,13.9815
CETS,2024-12-18,CNYRUB_TOM,CNYRUB_TOM,14.126,13.9755,14.1935,14.1515,71538,14.0786
CETS,2024-12-19,CNYRUB_TOM,CNYRUB_TOM,14.1545,13.9815,14.2555,14.007,74078,14.1412
CETS,2024-12-20,CNYRUB_TOM,CNYRUB_TOM,14.0065,13.907,14.09,13.9605,77267,13.9884
CETS,2024-12-23,CNYRUB_TOM,CNYRUB_TOM,13.955,13.638,13.959,13.845,81333,13.7985
CETS,2024-12-24,CNYRUB_TOM,CNYRUB_TOM,13.784,13.558,13.7955,13.7,71910,13.6695
CETS,2024-12-25,CNYRUB_TOM,CNYRUB_TOM,13.675,13.451,13.6985,13.486,62052,13.5855
CETS,2024-12-26,CNYRUB_TOM,CNYRUB_TOM,13.505,13.4,13.519,13.4,61103,13.4685
CETS,2024-12-27,CNYRUB_TOM,CNYRUB_TOM,13.4,13.3705,13.5385,13.45,83127,13.4462
CETS,2024-12-28,CNYRUB_TOM,CNYRUB_TOM,13.4435,13.335,13.6995,13.6735,58424,13.4632
CETS,2024-12-30,CNYRUB_TOM,CNYRUB_TOM,13.621,13.502,13.8125,13.705,16346,13.71
CETS,2025-01-03,CNYRUB_TOM,CNYRUB_TOM,13.799,13.702,13.84,13.7975,5515,13.7972
CETS,2025-01-06,CNYRUB_TOM,CNYRUB_TOM,13.7975,13.589,13.8225,13.624,11547,13.6639
CETS,2025-01-08,CNYRUB_TOM,CNYRUB_TOM,13.63,13.51,13.69,13.51,5784,13.6045
CETS,2025-01-09,CNYRUB_TOM,CNYRUB_TOM,13.565,13.5645,13.779,13.58,48365,13.6637
CETS,2025-01-10,CNYRUB_TOM,CNYRUB_TOM,13.615,13.5935,13.7345,13.72,48087,13.6797
CETS,2025-01-13,CNYRUB_TOM,CNYRUB_TOM,13.73,13.7235,13.8575,13.818,52229,13.8201
CETS,2025-01-14,CNYRUB_TOM,CNYRUB_TOM,13.845,13.8405,13.9895,13.9385,44562,13.9366
CETS,2025-01-15,CNYRUB_TOM,CNYRUB_TOM,13.949,13.8755,13.998,13.902,40179,13.9225
CETS,2025-01-16,CNYRUB_TOM,CNYRUB_TOM,13.9025,13.8495,13.94,13.909,50041,13.9119
CETS,2025-01-17,CNYRUB_TOM,CNYRUB_TOM,13.909,13.85,13.96,13.87,41639,13.9337
CETS,2025-01-20,CNYRUB_TOM,CNYRUB_TOM,13.864,13.7655,13.891,13.8225,43150,13.8307
CETS,2025-01-21,CNYRUB_TOM,CNYRUB_TOM,13.8385,13.576,13.8385,13.583,59475,13.703
CETS,2025-01-22,CNYRUB_TOM,CNYRUB_TOM,13.583,13.5055,13.5865,13.5415,63333,13.5438
CETS,2025-01-23,CNYRUB_TOM,CNYRUB_TOM,13.589,13.533,13.61,13.5495,33254,13.5726
CETS,2025-01-24,CNYRUB_TOM,CNYRUB_TOM,13.6735,13.422,13.6735,13.469,64811,13.5005
CETS,2025-01-27,CNYRUB_TOM,CNYRUB_TOM,13.52,13.293,13.561,13.4645,83415,13.3899
CETS,2025-01-28,CNYRUB_TOM,CNYRUB_TOM,13.4695,13.31,13.5955,13.368,59206,13.4388
CETS,2025-01-29,CNYRUB_TOM,CNYRUB_TOM,13.3755,13.3005,13.44,13.3965,50880,13.3837
CETS,2025-01-30,CNYRUB_TOM,CNYRUB_TOM,13.4285,13.2,13.4315,13.231,58455,13.3474
CETS,2025-01-31,CNYRUB_TOM,CNYRUB_TOM,13.219,13.1895,13.381,13.354,63204,13.2725
CETS,2025-02-03,CNYRUB_TOM,CNYRUB_TOM,13.395,13.235,13.494,13.267,42057,13.3824
CETS,2025-02-04,CNYRUB_TOM,CNYRUB_TOM,13.3,13.233,13.337,13.267,37991,13.2849
CETS,2025-02-05,CNYRUB_TOM,CNYRUB_TOM,13.326,12.9875,13.39,12.996,82362,13.1511
CETS,2025-02-06,CNYRUB_TOM,CNYRUB_TOM,12.91,12.8385,13.299,13.2425,84187,13.0688
CETS,2025-02-07,CNYRUB_TOM,CNYRUB_TOM,13.2855,13.1605,13.35,13.2735,65117,13.2451
CETS,2025-02-10,CNYRUB_TOM,CNYRUB_TOM,13.287,13.101,13.32,13.11,42378,13.2252
CETS,2025-02-11,CNYRUB_TOM,CNYRUB_TOM,13.12,12.903,13.151,12.915,117764,13.0076
CETS,2025-02-12,CNYRUB_TOM,CNYRUB_TOM,12.893,12.654,12.896,12.66,80308,12.763
CETS,2025-02-13,CNYRUB_TOM,CNYRUB_TOM,12.25,12.13,12.474,12.28,128010,12.3414
CETS,2025-02-14,CNYRUB_TOM,CNYRUB_TOM,12.24,12.187,12.6255,12.475,81721,12.4143
CETS,2025-02-17,CNYRUB_TOM,CNYRUB_TOM,12.48,12.288,12.549,12.333,63606,12.4609
CETS,2025-02-18,CNYRUB_TOM,CNYRUB_TOM,12.4,12.3505,12.4655,12.4225,74048,12.4124
CETS,2025-02-19,CNYRUB_TOM,CNYRUB_TOM,12.39,12.276,12.439,12.356,71954,12.3486
CETS,2025-02-20,CNYRUB_TOM,CNYRUB_TOM,12.3195,12.0,12.3225,12.018,61507,12.1277
CETS,2025-02-21,CNYRUB_TOM,CNYRUB_TOM,11.985,11.907,12.216,12.0,66517,12.0891
CETS,2025-02-24,CNYRUB_TOM,CNYRUB_TOM,12.0195,11.9705,12.185,11.975,74738,12.0538
CETS,2025-02-25,CNYRUB_TOM,CNYRUB_TOM,11.949,11.671,11.949,11.689,82562,11.7804
CETS,2025-02-26,CNYRUB_TOM,CNYRUB_TOM,11.725,11.625,11.993,11.911,131899,11.7659
CETS,2025-02-27,CNYRUB_TOM,CNYRUB_TOM,12.078,11.85,12.16,12.0195,104953,11.9591
CETS,2025-02-28,CNYRUB_TOM,CNYRUB_TOM,12.111,12.01,12.1995,12.123,79760,12.0978
CETS,2025-03-03,CNYRUB_TOM,CNYRUB_TOM,12.14,12.087,12.256,12.0945,94115,12.1649
CETS,2025-03-04,CNYRUB_TOM,CNYRUB_TOM,12.1005,12.075,12.23,12.16,73642,12.1838
CETS,2025-03-05,CNYRUB_TOM,CNYRUB_TOM,12.1835,12.1835,12.353,12.228,66072,12.2788
CETS,2025-03-06,CNYRUB_TOM,CNYRUB_TOM,12.327,12.228,12.3515,12.273,44831,12.2831
CETS,2025-03-07,CNYRUB_TOM,CNYRUB_TOM,12.2925,12.07,12.32,12.132,74104,12.1938
CETS,2025-03-10,CNYRUB_TOM,CNYRUB_TOM,12.076,11.8675,12.1255,11.875,72157,12.05
CETS,2025-03-11,CNYRUB_TOM,CNYRUB_TOM,11.88,11.719,11.95,11.85,93757,11.8293
CETS,2025-03-12,CNYRUB_TOM,CNYRUB_TOM,11.875,11.856,12.013,11.936,73750,11.9333
CETS,2025-03-13,CNYRUB_TOM,CNYRUB_TOM,11.9895,11.795,12.017,11.83,84618,11.8717
CETS,2025-03-14,CNYRUB_TOM,CNYRUB_TOM,11.798,11.6785,11.87,11.801,65427,11.7903
CETS,2025-03-17,CNYRUB_TOM,CNYRUB_TOM,11.75,11.323,11.752,11.35,107878,11.5504
CETS,2025-03-18,CNYRUB_TOM,CNYRUB_TOM,11.35,11.1345,11.436,11.219,107515,11.2526
CETS,2025-03-19,CNYRUB_TOM,CNYRUB_TOM,11.3145,11.3,11.6105,11.496,110728,11.459
CETS,2025-03-20,CNYRUB_TOM,CNYRUB_TOM,11.581,11.479,11.657,11.5025,87987,11.5901
CETS,2025-03-21,CNYRUB_TOM,CNYRUB_TOM,11.583,11.4575,11.6405,11.466,94284,11.5528
CETS,2025-03-24,CNYRUB_TOM,CNYRUB_TOM,11.4315,11.3745,11.651,11.6045,83194,11.4955
CETS,2025-03-25,CNYRUB_TOM,CNYRUB_TOM,11.627,11.4705,11.643,11.489,71041,11.5532
CETS,2025-03-26,CNYRUB_TOM,CNYRUB_TOM,11.48,11.4,11.55,11.45,53486,11.5155
CETS,2025-03-27,CNYRUB_TOM,CNYRUB_TOM,11.4985,11.3435,11.566,11.42,70400,11.4808
CETS,2025-03-28,CNYRUB_TOM,CNYRUB_TOM,11.4335,11.391,11.7515,11.685,69316,11.5201
CETS,2025-03-31,CNYRUB_TOM,CNYRUB_TOM,11.8,11.6225,11.8485,11.681,90174,11.7054
CETS,2025-04-01,CNYRUB_TOM,CNYRUB_TOM,11.663,11.4445,11.69,11.473,80264,11.5775
CETS,2025-04-02,CNYRUB_TOM,CNYRUB_TOM,11.508,11.496,11.5735,11.511,80510,11.5259
CETS,2025-04-03,CNYRUB_TOM,CNYRUB_TOM,11.5035,11.395,11.589,11.58,71309,11.4953
CETS,2025-04-04,CNYRUB_TOM,CNYRUB_TOM,11.6025,11.5355,11.7915,11.7195,102244,11.6414
CETS,2025-04-07,CNYRUB_TOM,CNYRUB_TOM,11.8005,11.572,11.8435,11.581,64188,11.7056
CETS,2025-04-08,CNYRUB_TOM,CNYRUB_TOM,11.59,11.506,11.6755,11.619,77868,11.5801
CETS,2025-04-09,CNYRUB_TOM,CNYRUB_TOM,11.6715,11.5165,11.719,11.546,63625,11.6249
CETS,2025-04-10,CNYRUB_TOM,CNYRUB_TOM,11.4625,11.43,11.5835,11.529,52855,11.5289
CETS,2025-04-11,CNYRUB_TOM,CNYRUB_TOM,11.4795,11.239,11.5145,11.25,78341,11.4241
CETS,2025-04-14,CNYRUB_TOM,CNYRUB_TOM,11.287,11.1645,11.3175,11.1975,73857,11.2182
CETS,2025-04-15,CNYRUB_TOM,CNYRUB_TOM,11.1915,11.1025,11.279,11.228,75973,11.1764
CETS,2025-04-16,CNYRUB_TOM,CNYRUB_TOM,11.276,11.1985,11.359,11.2655,115200,11.2891
CETS,2025-04-17,CNYRUB_TOM,CNYRUB_TOM,11.2755,11.06,11.283,11.0615,88157,11.1856
CETS,2025-04-18,CNYRUB_TOM,CNYRUB_TOM,11.055,10.961,11.2595,11.038,80012,11.1013
CETS,2025-04-21,CNYRUB_TOM,CNYRUB_TOM,11.0495,10.961,11.16,11.13,58946,11.0814
CETS,2025-04-22,CNYRUB_TOM,CNYRUB_TOM,11.143,11.045,11.2165,11.133,71499,11.1231
CETS,2025-04-23,CNYRUB_TOM,CNYRUB_TOM,11.1945,11.173,11.4165,11.375,119618,11.345
CETS,2025-04-24,CNYRUB_TOM,CNYRUB_TOM,11.401,11.32,11.464,11.354,78890,11.3941
CETS,2025-04-25,CNYRUB_TOM,CNYRUB_TOM,11.3385,11.317,11.379,11.329,86772,11.3492
CETS,2025-04-28,CNYRUB_TOM,CNYRUB_TOM,11.36,11.19,11.372,11.2,90449,11.268
CETS,2025-04-29,CNYRUB_TOM,CNYRUB_TOM,11.2375,11.152,11.2495,11.17,78297,11.1994
CETS,2025-04-30,CNYRUB_TOM,CNYRUB_TOM,11.186,11.1205,11.289,11.165,87855,11.1719
CETS,2025-05-02,CNYRUB_TOM,CNYRUB_TOM,11.2305,11.2305,11.478,11.41,18590,11.402
CETS,2025-05-05,CNYRUB_TOM,CNYRUB_TOM,11.474,11.163,11.49,11.208,67623,11.2728
CETS,2025-05-06,CNYRUB_TOM,CNYRUB_TOM,11.198,11.1425,11.266,11.235,36705,11.2164
CETS,2025-05-07,CNYRUB_TOM,CNYRUB_TOM,11.229,11.1235,11.245,11.195,50021,11.1862
CETS,2025-05-08,CNYRUB_TOM,CNYRUB_TOM,11.2205,11.201,11.3675,11.2375,15293,11.2936
CETS,2025-05-12,CNYRUB_TOM,CNYRUB_TOM,11.15,11.1015,11.2415,11.149,66936,11.1664
CETS,2025-05-13,CNYRUB_TOM,CNYRUB_TOM,11.144,11.0955,11.18,11.118,63637,11.151
CETS,2025-05-14,CNYRUB_TOM,CNYRUB_TOM,11.12,11.06,11.145,11.06,60506,11.1132
CETS,2025-05-15,CNYRUB_TOM,CNYRUB_TOM,11.1565,11.0835,11.171,11.117,57773,11.1097
CETS,2025-05-16,CNYRUB_TOM,CNYRUB_TOM,11.117,11.117,11.199,11.1785,73346,11.1633
CETS,2025-05-19,CNYRUB_TOM,CNYRUB_TOM,11.1445,11.0665,11.156,11.079,71105,11.1158
CETS,2025-05-20,CNYRUB_TOM,CNYRUB_TOM,11.097,11.0885,11.2375,11.1725,56901,11.1707
CETS,2025-05-21,CNYRUB_TOM,CNYRUB_TOM,11.171,11.017,11.188,11.0545,77334,11.0769
CETS,2025-05-22,CNYRUB_TOM,CNYRUB_TOM,11.05,10.9525,11.094,11.0525,44120,11.0219
CETS,2025-05-23,CNYRUB_TOM,CNYRUB_TOM,11.049,11.0125,11.129,11.022,42120,11.0718
CETS,2025-05-26,CNYRUB_TOM,CNYRUB_TOM,11.0415,11.035,11.107,11.09,51340,11.0813
CETS,2025-05-27,CNYRUB_TOM,CNYRUB_TOM,11.1,11.07,11.139,11.1185,49495,11.1049
CETS,2025-05-28,CNYRUB_TOM,CNYRUB_TOM,11.08,11.0035,11.0805,11.0135,92901,11.0429
CETS,2025-05-29,CNYRUB_TOM,CNYRUB_TOM,10.95,10.84,10.9665,10.86,79769,10.8871
CETS,2025-05-30,CNYRUB_TOM,CNYRUB_TOM,10.904,10.8415,10.9415,10.903,45026,10.8918
CETS,2025-06-02,CNYRUB_TOM,CNYRUB_TOM,10.94,10.88,10.979,10.89,45815,10.9429
CETS,2025-06-03,CNYRUB_TOM,CNYRUB_TOM,10.9035,10.8795,10.949,10.904,56300,10.9137
CETS,2025-06-04,CNYRUB_TOM,CNYRUB_TOM,10.88,10.843,11.0825,11.008,80052,10.9082
CETS,2025-06-05,CNYRUB_TOM,CNYRUB_TOM,11.039,10.9655,11.05,10.968,77909,11.0179
CETS,2025-06-06,CNYRUB_TOM,CNYRUB_TOM,11.0185,10.9005,11.072,11.007,74654,10.9943
CETS,2025-06-09,CNYRUB_TOM,CNYRUB_TOM,11.0,10.942,11.005,10.96,53796,10.9733
CETS,2025-06-10,CNYRUB_TOM,CNYRUB_TOM,10.9,10.78,10.9245,10.81,87322,10.8885
CETS,2025-06-11,CNYRUB_TOM,CNYRUB_TOM,10.8625,10.845,11.043,10.96,81742,10.9504
CETS,2025-06-13,CNYRUB_TOM,CNYRUB_TOM,10.9525,10.8575,10.9775,10.894,10949,10.9083
CETS,2025-06-16,CNYRUB_TOM,CNYRUB_TOM,10.846,10.823,10.9295,10.89,85961,10.8995
CETS,2025-06-17,CNYRUB_TOM,CNYRUB_TOM,10.895,10.853,10.94,10.89,96825,10.9145
CETS,2025-06-18,CNYRUB_TOM,CNYRUB_TOM,10.876,10.841,10.9,10.874,48722,10.8706
CETS,2025-06-19,CNYRUB_TOM,CNYRUB_TOM,10.875,10.83,10.8875,10.845,91851,10.8574
CETS,2025-06-20,CNYRUB_TOM,CNYRUB_TOM,10.8835,10.8605,10.919,10.8985,40923,10.8991
CETS,2025-06-23,CNYRUB_TOM,CNYRUB_TOM,10.84,10.84,10.889,10.8695,86201,10.8702
CETS,2025-06-24,CNYRUB_TOM,CNYRUB_TOM,10.8835,10.8835,11.0065,10.91,41449,10.9607
CETS,2025-06-25,CNYRUB_TOM,CNYRUB_TOM,10.942,10.878,10.949,10.891,70575,10.9048
CETS,2025-06-26,CNYRUB_TOM,CNYRUB_TOM,10.91,10.8945,10.964,10.9155,61578,10.9352
CETS,2025-06-27,CNYRUB_TOM,CNYRUB_TOM,10.9375,10.9225,10.962,10.925,26845,10.9416
CETS,2025-06-30,CNYRUB_TOM,CNYRUB_TOM,10.952,10.882,10.9625,10.92,38186,10.9182
CETS,2025-07-01,CNYRUB_TOM,CNYRUB_TOM,10.93,10.896,10.9765,10.939,33088,10.942
CETS,2025-07-02,CNYRUB_TOM,CNYRUB_TOM,10.9425,10.9275,10.9605,10.947,23945,10.948
CETS,2025-07-03,CNYRUB_TOM,CNYRUB_TOM,10.9665,10.9525,11.0215,10.97,51714,10.9853
CETS,2025-07-04,CNYRUB_TOM,CNYRUB_TOM,10.997,10.9525,11.0185,10.953,44402,10.99
CETS,2025-07-07,CNYRUB_TOM,CNYRUB_TOM,10.9785,10.825,10.992,10.837,77088,10.9254
CETS,2025-07-08,CNYRUB_TOM,CNYRUB_TOM,10.822,10.822,10.8705,10.855,36506,10.8547
CETS,2025-07-09,CNYRUB_TOM,CNYRUB_TOM,10.873,10.7895,10.879,10.8375,50713,10.8409
CETS,2025-07-10,CNYRUB_TOM,CNYRUB_TOM,10.838,10.799,10.8495,10.82,33842,10.8174
CETS,2025-07-11,CNYRUB_TOM,CNYRUB_TOM,10.82,10.817,10.964,10.954,77227,10.8748
CETS,2025-07-14,CNYRUB_TOM,CNYRUB_TOM,10.949,10.8555,10.966,10.864,88888,10.8882
CETS,2025-07-15,CNYRUB_TOM,CNYRUB_TOM,10.8595,10.8185,10.8595,10.8315,73819,10.835
CETS,2025-07-16,CNYRUB_TOM,CNYRUB_TOM,10.8315,10.823,10.8525,10.8385,35967,10.8394
CETS,2025-07-17,CNYRUB_TOM,CNYRUB_TOM,10.843,10.8355,10.9135,10.846,74387,10.8719
CETS,2025-07-18,CNYRUB_TOM,CNYRUB_TOM,10.878,10.8695,10.9595,10.938,66132,10.9056
CETS,2025-07-21,CNYRUB_TOM,CNYRUB_TOM,10.915,10.8565,10.923,10.857,42694,10.8859
CETS,2025-07-22,CNYRUB_TOM,CNYRUB_TOM,10.865,10.839,10.944,10.9425,55324,10.8909
CETS,2025-07-23,CNYRUB_TOM,CNYRUB_TOM,10.965,10.9255,10.978,10.944,111475,10.9578
CETS,2025-07-24,CNYRUB_TOM,CNYRUB_TOM,10.97,10.958,11.1485,11.045,54925,11.0615
CETS,2025-07-25,CNYRUB_TOM,CNYRUB_TOM,11.0995,11.0215,11.1095,11.06,51454,11.0669
CETS,2025-07-28,CNYRUB_TOM,CNYRUB_TOM,11.0585,11.0255,11.36,11.3415,72938,11.1991
CETS,2025-07-29,CNYRUB_TOM,CNYRUB_TOM,11.418,11.362,11.513,11.4195,89197,11.4239
CETS,2025-07-30,CNYRUB_TOM,CNYRUB_TOM,11.4,11.1615,11.409,11.1985,75696,11.3026
CETS,2025-07-31,CNYRUB_TOM,CNYRUB_TOM,11.213,11.031,11.2145,11.098,80911,11.0942
CETS,2025-08-01,CNYRUB_TOM,CNYRUB_TOM,11.0895,11.043,11.124,11.064,45922,11.0828
CETS,2025-08-04,CNYRUB_TOM,CNYRUB_TOM,11.068,11.0415,11.086,11.0725,87821,11.0625
CETS,2025-08-05,CNYRUB_TOM,CNYRUB_TOM,11.0725,11.0515,11.141,11.097,39376,11.1013
CETS,2025-08-06,CNYRUB_TOM,CNYRUB_TOM,11.1,11.0865,11.1365,11.094,38422,11.1152
CETS,2025-08-07,CNYRUB_TOM,CNYRUB_TOM,11.04,10.9785,11.0425,10.9905,43049,11.0141
CETS,2025-08-08,CNYRUB_TOM,CNYRUB_TOM,11.0105,11.0105,11.117,11.0765,68995,11.0682
CETS,2025-08-11,CNYRUB_TOM,CNYRUB_TOM,11.0375,11.0,11.081,11.012,33022,11.0447
CETS,2025-08-12,CNYRUB_TOM,CNYRUB_TOM,11.042,11.0235,11.079,11.058,38741,11.0566
CETS,2025-08-13,CNYRUB_TOM,CNYRUB_TOM,11.055,11.045,11.075,11.0565,37599,11.0635
CETS,2025-08-14,CNYRUB_TOM,CNYRUB_TOM,11.081,11.048,11.108,11.05,26030,11.0867
CETS,2025-08-15,CNYRUB_TOM,CNYRUB_TOM,11.112,11.0835,11.13,11.1035,32087,11.1023
CETS,2025-08-18,CNYRUB_TOM,CNYRUB_TOM,11.14,11.12,11.1865,11.179,72602,11.1558
CETS,2025-08-19,CNYRUB_TOM,CNYRUB_TOM,11.1645,11.1365,11.18,11.15,43574,11.1644
CETS,2025-08-20,CNYRUB_TOM,CNYRUB_TOM,11.1555,11.111,11.1665,11.148,40726,11.1424
CETS,2025-08-21,CNYRUB_TOM,CNYRUB_TOM,11.165,11.1405,11.179,11.162,42602,11.155
CETS,2025-08-22,CNYRUB_TOM,CNYRUB_TOM,11.156,11.156,11.2495,11.248,65161,11.2029
CETS,2025-08-25,CNYRUB_TOM,CNYRUB_TOM,11.2525,11.147,11.287,11.171,42107,11.2384
CETS,2025-08-26,CNYRUB_TOM,CNYRUB_TOM,11.1505,11.1505,11.2335,11.2325,33729,11.1871
CETS,2025-08-27,CNYRUB_TOM,CNYRUB_TOM,11.225,11.169,11.267,11.23,53941,11.2126
CETS,2025-08-28,CNYRUB_TOM,CNYRUB_TOM,11.2345,11.199,11.2525,11.238,43348,11.2287
CETS,2025-08-29,CNYRUB_TOM,CNYRUB_TOM,11.2645,11.245,11.289,11.256,52808,11.2706
CETS,2025-09-01,CNYRUB_TOM,CNYRUB_TOM,11.256,11.217,11.2775,11.2285,40043,11.2544
CETS,2025-09-02,CNYRUB_TOM,CNYRUB_TOM,11.2145,11.213,11.273,11.27,58958,11.2544
CETS,2025-09-03,CNYRUB_TOM,CNYRUB_TOM,11.27,11.261,11.324,11.296,48113,11.2981
CETS,2025-09-04,CNYRUB_TOM,CNYRUB_TOM,11.305,11.301,11.3775,11.346,36549,11.3524
CETS,2025-09-05,CNYRUB_TOM,CNYRUB_TOM,11.346,11.346,11.4145,11.401,31782,11.3879
CETS,2025-09-08,CNYRUB_TOM,CNYRUB_TOM,11.425,11.4245,11.6095,11.594,41613,11.496
CETS,2025-09-09,CNYRUB_TOM,CNYRUB_TOM,11.649,11.6355,11.7905,11.778,54756,11.7025
CETS,2025-09-10,CNYRUB_TOM,CNYRUB_TOM,11.785,11.785,11.9485,11.917,83296,11.8924
CETS,2025-09-11,CNYRUB_TOM,CNYRUB_TOM,11.972,11.84,12.05,11.949,95868,11.936
CETS,2025-09-12,CNYRUB_TOM,CNYRUB_TOM,11.952,11.7315,11.983,11.7495,80924,11.8135
CETS,2025-09-15,CNYRUB_TOM,CNYRUB_TOM,11.7045,11.52,11.719,11.564,121872,11.589
CETS,2025-09-16,CNYRUB_TOM,CNYRUB_TOM,11.546,11.505,11.6875,11.62,64345,11.6105
CETS,2025-09-17,CNYRUB_TOM,CNYRUB_TOM,11.6705,11.623,11.718,11.68,59888,11.6695
CETS,2025-09-18,CNYRUB_TOM,CNYRUB_TOM,11.715,11.62,11.7225,11.6995,80863,11.6625
CETS,2025-09-19,CNYRUB_TOM,CNYRUB_TOM,11.72,11.6685,11.7375,11.7,46977,11.7007
CETS,2025-09-22,CNYRUB_TOM,CNYRUB_TOM,11.719,11.699,11.76,11.72,40478,11.7272
CETS,2025-09-23,CNYRUB_TOM,CNYRUB_TOM,11.7255,11.66,11.7495,11.704,64261,11.7028
CETS,2025-09-24,CNYRUB_TOM,CNYRUB_TOM,11.758,11.663,11.787,11.663,44741,11.7128
CETS,2025-09-25,CNYRUB_TOM,CNYRUB_TOM,11.666,11.653,11.732,11.705,73423,11.7089
CETS,2025-09-26,CNYRUB_TOM,CNYRUB_TOM,11.69,11.5875,11.7035,11.5965,74735,11.6674
CETS,2025-09-29,CNYRUB_TOM,CNYRUB_TOM,11.638,11.5245,11.6405,11.542,62566,11.5871
CETS,2025-09-30,CNYRUB_TOM,CNYRUB_TOM,11.5485,11.458,11.6185,11.5185,52417,11.5411
CETS,2025-10-01,CNYRUB_TOM,CNYRUB_TOM,11.4925,11.31,11.5,11.3595,56845,11.3822
CETS,2025-10-02,CNYRUB_TOM,CNYRUB_TOM,11.2855,11.26,11.39,11.317,33557,11.3399
CETS,2025-10-03,CNYRUB_TOM,CNYRUB_TOM,11.33,11.325,11.5245,11.49,61668,11.4376
CETS,2025-10-06,CNYRUB_TOM,CNYRUB_TOM,11.5515,11.472,11.6,11.473,39901,11.5509
CETS,2025-10-07,CNYRUB_TOM,CNYRUB_TOM,11.403,11.321,11.4225,11.4085,41865,11.367
CETS,2025-10-08,CNYRUB_TOM,CNYRUB_TOM,11.4225,11.25,11.4225,11.27,43653,11.3315
CETS,2025-10-09,CNYRUB_TOM,CNYRUB_TOM,11.313,11.2955,11.3785,11.331,42702,11.3589
CETS,2025-10-10,CNYRUB_TOM,CNYRUB_TOM,11.376,11.3055,11.3995,11.34,33694,11.3597
CETS,2025-10-13,CNYRUB_TOM,CNYRUB_TOM,11.3595,11.167,11.3755,11.1795,125195,11.2685
CETS,2025-10-14,CNYRUB_TOM,CNYRUB_TOM,11.133,11.061,11.165,11.084,83888,11.1133
CETS,2025-10-15,CNYRUB_TOM,CNYRUB_TOM,11.0325,10.95,11.062,10.9875,112860,11.0101
CETS,2025-10-16,CNYRUB_TOM,CNYRUB_TOM,10.9525,10.9385,11.258,11.1975,129514,11.1111
CETS,2025-10-17,CNYRUB_TOM,CNYRUB_TOM,11.3,11.269,11.461,11.38,65217,11.3574
CETS,2025-10-20,CNYRUB_TOM,CNYRUB_TOM,11.3445,11.2625,11.4125,11.275,59114,11.3444
CETS,2025-10-21,CNYRUB_TOM,CNYRUB_TOM,11.33,11.285,11.457,11.408,69991,11.3691
CETS,2025-10-22,CNYRUB_TOM,CNYRUB_TOM,11.425,11.3465,11.5265,11.374,90726,11.4444
CETS,2025-10-23,CNYRUB_TOM,CNYRUB_TOM,11.452,11.325,11.452,11.377,76555,11.3737
CETS,2025-10-24,CNYRUB_TOM,CNYRUB_TOM,11.3885,11.111,11.407,11.147,86529,11.2844
CETS,2025-10-27,CNYRUB_TOM,CNYRUB_TOM,11.097,11.015,11.1845,11.165,61454,11.0669
CETS,2025-10-28,CNYRUB_TOM,CNYRUB_TOM,11.214,11.117,11.259,11.17,59930,11.1763
CETS,2025-10-29,CNYRUB_TOM,CNYRUB_TOM,11.17,11.115,11.2275,11.22,66896,11.1749
CETS,2025-10-30,CNYRUB_TOM,CNYRUB_TOM,11.235,11.2175,11.335,11.2945,71071,11.2826
CETS,2025-10-31,CNYRUB_TOM,CNYRUB_TOM,11.3,11.254,11.371,11.2605,79526,11.3269
CETS,2025-11-01,CNYRUB_TOM,CNYRUB_TOM,11.25,11.196,11.32,11.3,43881,11.2561
CETS,2025-11-03,CNYRUB_TOM,CNYRUB_TOM,11.32,11.145,11.3335,11.155,11540,11.2226
CETS,2025-11-05,CNYRUB_TOM,CNYRUB_TOM,11.237,11.2275,11.4275,11.391,55724,11.3435
CETS,2025-11-06,CNYRUB_TOM,CNYRUB_TOM,11.418,11.3,11.4335,11.324,35810,11.3611
CETS,2025-11-07,CNYRUB_TOM,CNYRUB_TOM,11.372,11.28,11.405,11.319,37164,11.3421
CETS,2025-11-10,CNYRUB_TOM,CNYRUB_TOM,11.3265,11.2915,11.411,11.3635,67573,11.3635
CETS,2025-11-11,CNYRUB_TOM,CNYRUB_TOM,11.398,11.315,11.454,11.3385,68540,11.3974
CETS,2025-11-12,CNYRUB_TOM,CNYRUB_TOM,11.346,11.3385,11.3945,11.367,33437,11.3688
CETS,2025-11-13,CNYRUB_TOM,CNYRUB_TOM,11.332,11.285,11.3595,11.35,57495,11.32
CETS,2025-11-14,CNYRUB_TOM,CNYRUB_TOM,11.4035,11.365,11.4495,11.3755,47836,11.3985
CETS,2025-11-17,CNYRUB_TOM,CNYRUB_TOM,11.401,11.349,11.43,11.371,29461,11.3931
CETS,2025-11-18,CNYRUB_TOM,CNYRUB_TOM,11.3805,11.347,11.4075,11.38,40977,11.3776
CETS,2025-11-19,CNYRUB_TOM,CNYRUB_TOM,11.3785,11.25,11.3845,11.288,58427,11.3304
CETS,2025-11-20,CNYRUB_TOM,CNYRUB_TOM,11.3175,11.17,11.3235,11.2155,65240,11.2672
CETS,2025-11-21,CNYRUB_TOM,CNYRUB_TOM,11.156,11.0155,11.1695,11.09,69269,11.0664
CETS,2025-11-24,CNYRUB_TOM,CNYRUB_TOM,11.09,11.011,11.12,11.013,73954,11.0467
CETS,2025-11-25,CNYRUB_TOM,CNYRUB_TOM,11.0355,11.013,11.165,11.105,74934,11.1001
CETS,2025-11-26,CNYRUB_TOM,CNYRUB_TOM,11.102,11.051,11.1205,11.072,59384,11.0764
CETS,2025-11-27,CNYRUB_TOM,CNYRUB_TOM,11.0525,10.9915,11.059,11.008,52845,11.0225
CETS,2025-11-28,CNYRUB_TOM,CNYRUB_TOM,11.05,10.9025,11.07,10.921,84623,11.0018
CETS,2025-12-01,CNYRUB_TOM,CNYRUB_TOM,10.96,10.9345,10.9865,10.95,51300,10.9574
CETS,2025-12-02,CNYRUB_TOM,CNYRUB_TOM,10.94,10.8935,11.027,10.96,59445,10.9257
CETS,2025-12-03,CNYRUB_TOM,CNYRUB_TOM,11.035,10.8605,11.0445,10.87,70826,10.9621
CETS,2025-12-04,CNYRUB_TOM,CNYRUB_TOM,10.84,10.6925,10.879,10.702,103317,10.8153
CETS,2025-12-05,CNYRUB_TOM,CNYRUB_TOM,10.63,10.62,10.873,10.78,109053,10.7481
CETS,2025-12-08,CNYRUB_TOM,CNYRUB_TOM,10.865,10.756,10.877,10.789,86821,10.8189
CETS,2025-12-09,CNYRUB_TOM,CNYRUB_TOM,10.8195,10.791,10.984,10.944,66566,10.8581
CETS,2025-12-10,CNYRUB_TOM,CNYRUB_TOM,10.982,10.9125,11.187,11.17,109233,11.0081
CETS,2025-12-11,CNYRUB_TOM,CNYRUB_TOM,11.165,11.084,11.292,11.22,124023,11.2055
CETS,2025-12-12,CNYRUB_TOM,CNYRUB_TOM,11.207,11.1735,11.2955,11.2395,97291,11.2656
CETS,2025-12-15,CNYRUB_TOM,CNYRUB_TOM,11.2515,11.185,11.287,11.282,101560,11.2213
CETS,2025-12-16,CNYRUB_TOM,CNYRUB_TOM,11.2685,11.2325,11.279,11.263,78636,11.2594
CETS,2025-12-17,CNYRUB_TOM,CNYRUB_TOM,11.2675,11.2625,11.446,11.3995,96326,11.366
CETS,2025-12-18,CNYRUB_TOM,CNYRUB_TOM,11.4,11.285,11.421,11.352,65816,11.331
CETS,2025-12-19,CNYRUB_TOM,CNYRUB_TOM,11.42,11.2765,11.5245,11.307,76291,11.4136
CETS,2025-12-22,CNYRUB_TOM,CNYRUB_TOM,11.256,11.0885,11.296,11.1295,92994,11.2085
CETS,2025-12-23,CNYRUB_TOM,CNYRUB_TOM,11.13,11.074,11.184,11.112,89833,11.1348
CETS,2025-12-24,CNYRUB_TOM,CNYRUB_TOM,11.1445,11.1035,11.252,11.144,162134,11.1793
CETS,2025-12-25,CNYRUB_TOM,CNYRUB_TOM,11.14,11.0,11.1535,11.035,87560,11.0643
CETS,2025-12-26,CNYRUB_TOM,CNYRUB_TOM,11.0015,10.958,11.125,11.036,100025,11.0441
CETS,2025-12-29,CNYRUB_TOM,CNYRUB_TOM,11.04,10.9875,11.12,11.101,81830,11.0575
CETS,2025-12-30,CNYRUB_TOM,CNYRUB_TOM,11.1285,11.1045,11.258,11.2285,67308,11.1751
CETS,2026-01-05,CNYRUB_TOM,CNYRUB_TOM,11.287,11.2615,11.4415,11.4105,14411,11.3873
CETS,2026-01-06,CNYRUB_TOM,CNYRUB_TOM,11.448,11.3095,11.478,11.3145,10158,11.3763
CETS,2026-01-08,CNYRUB_TOM,CNYRUB_TOM,11.3295,11.291,11.4105,11.315,18576,11.3595
CETS,2026-01-09,CNYRUB_TOM,CNYRUB_TOM,11.3145,11.2115,11.327,11.228,10057,11.253
CETS,2026-01-12,CNYRUB_TOM,CNYRUB_TOM,11.2275,11.2185,11.34,11.26,69668,11.2788
CETS,2026-01-13,CNYRUB_TOM,CNYRUB_TOM,11.282,11.24,11.3155,11.2845,55231,11.2711
CETS,2026-01-14,CNYRUB_TOM,CNYRUB_TOM,11.2835,11.178,11.3115,11.1915,77546,11.2332
CETS,2026-01-15,CNYRUB_TOM,CNYRUB_TOM,11.2085,11.125,11.269,11.152,75713,11.2215
CETS,2026-01-16,CNYRUB_TOM,CNYRUB_TOM,11.13,11.104,11.197,11.169,79249,11.1515
CETS,2026-01-19,CNYRUB_TOM,CNYRUB_TOM,11.18,11.1235,11.21,11.1425,47091,11.1558
CETS,2026-01-20,CNYRUB_TOM,CNYRUB_TOM,11.151,11.1225,11.19,11.1505,50324,11.1668
CETS,2026-01-21,CNYRUB_TOM,CNYRUB_TOM,11.1605,10.955,11.168,10.955,107279,11.0864
CETS,2026-01-22,CNYRUB_TOM,CNYRUB_TOM,10.953,10.809,10.9705,10.83,85403,10.8625
CETS,2026-01-23,CNYRUB_TOM,CNYRUB_TOM,10.8475,10.827,10.894,10.855,59571,10.8705
CETS,2026-01-26,CNYRUB_TOM,CNYRUB_TOM,10.8425,10.816,11.0285,10.9965,99341,10.9367
CETS,2026-01-27,CNYRUB_TOM,CNYRUB_TOM,11.015,10.911,11.052,10.9195,106095,10.9641
CETS,2026-01-28,CNYRUB_TOM,CNYRUB_TOM,10.9105,10.867,10.9985,10.948,90696,10.9435
CETS,2026-01-29,CNYRUB_TOM,CNYRUB_TOM,10.939,10.739,10.9615,10.7645,123861,10.8724
CETS,2026-01-30,CNYRUB_TOM,CNYRUB_TOM,10.82,10.7915,10.9685,10.936,95807,10.8801
CETS,2026-02-02,CNYRUB_TOM,CNYRUB_TOM,11.0,10.9725,11.127,10.996,75584,11.0471
CETS,2026-02-03,CNYRUB_TOM,CNYRUB_TOM,11.02,11.0105,11.099,11.0925,80834,11.0641
CETS,2026-02-04,CNYRUB_TOM,CNYRUB_TOM,11.1015,10.9575,11.1435,10.9865,101237,11.0342
CETS,2026-02-05,CNYRUB_TOM,CNYRUB_TOM,11.0,10.925,11.0705,11.07,86418,11.0062
CETS,2026-02-06,CNYRUB_TOM,CNYRUB_TOM,11.09,11.032,11.3155,11.142,113143,11.115
CETS,2026-02-09,CNYRUB_TOM,CNYRUB_TOM,11.19,11.1,11.211,11.165,72962,11.1705
CETS,2026-02-10,CNYRUB_TOM,CNYRUB_TOM,11.165,11.12,11.194,11.158,91438,11.1579
CETS,2026-02-11,CNYRUB_TOM,CNYRUB_TOM,11.1665,11.12,11.1995,11.15,117921,11.1611
CETS,2026-02-12,CNYRUB_TOM,CNYRUB_TOM,11.17,11.14,11.1855,11.173,88414,11.1578
CETS,2026-02-13,CNYRUB_TOM,CNYRUB_TOM,11.16,11.0805,11.175,11.096,72456,11.1411
CETS,2026-02-16,CNYRUB_TOM,CNYRUB_TOM,11.0985,11.051,11.1315,11.125,69351,11.0884
CETS,2026-02-17,CNYRUB_TOM,CNYRUB_TOM,11.1185,10.9765,11.132,10.99,38554,11.0692
CETS,2026-02-18,CNYRUB_TOM,CNYRUB_TOM,11.0155,10.9665,11.142,11.111,73718,11.0513
CETS,2026-02-19,CNYRUB_TOM,CNYRUB_TOM,11.111,11.0235,11.1185,11.05,102815,11.0757
CETS,2026-02-20,CNYRUB_TOM,CNYRUB_TOM,11.06,11.04,11.138,11.11,66880,11.0938
CETS,2026-02-24,CNYRUB_TOM,CNYRUB_TOM,11.12,11.05,11.155,11.0515,53270,11.1069
CETS,2026-02-25,CNYRUB_TOM,CNYRUB_TOM,11.07,11.059,11.323,11.2905,64232,11.1525
CETS,2026-02-26,CNYRUB_TOM,CNYRUB_TOM,11.3465,11.2015,11.364,11.211,74766,11.2415
CETS,2026-02-27,CNYRUB_TOM,CNYRUB_TOM,11.2215,11.1795,11.279,11.2025,84724,11.2341
CETS,2026-03-02,CNYRUB_TOM,CNYRUB_TOM,11.137,11.102,11.26,11.223,65024,11.2068
CETS,2026-03-03,CNYRUB_TOM,CNYRUB_TOM,11.2085,11.157,11.241,11.168,61768,11.2067
CETS,2026-03-04,CNYRUB_TOM,CNYRUB_TOM,11.197,11.1475,11.358,11.2715,88185,11.2545
CETS,2026-03-05,CNYRUB_TOM,CNYRUB_TOM,11.3,11.2705,11.4165,11.4,66782,11.3583
CETS,2026-03-06,CNYRUB_TOM,CNYRUB_TOM,11.435,11.3755,11.493,11.4015,79094,11.4329
CETS,2026-03-09,CNYRUB_TOM,CNYRUB_TOM,11.312,11.207,11.348,11.27,21587,11.2697
CETS,2026-03-10,CNYRUB_TOM,CNYRUB_TOM,11.384,11.373,11.5195,11.489,67627,11.4557
CETS,2026-03-11,CNYRUB_TOM,CNYRUB_TOM,11.54,11.46,11.55,11.5215,78054,11.5037
CETS,2026-03-12,CNYRUB_TOM,CNYRUB_TOM,11.49,11.4745,11.605,11.591,59467,11.5281
CETS,2026-03-13,CNYRUB_TOM,CNYRUB_TOM,11.63,11.5935,11.6945,11.6505,96109,11.65
CETS,2026-03-16,CNYRUB_TOM,CNYRUB_TOM,11.67,11.63,11.845,11.82,83667,11.7581
CETS,2026-03-17,CNYRUB_TOM,CNYRUB_TOM,11.8265,11.8065,12.021,12.0025,65491,11.9157
CETS,2026-03-18,CNYRUB_TOM,CNYRUB_TOM,12.0285,12.0285,12.198,12.1895,119682,12.1279
CETS,2026-03-19,CNYRUB_TOM,CNYRUB_TOM,12.19,12.183,12.65,12.47,160889,12.3947
CETS,2026-03-20,CNYRUB_TOM,CNYRUB_TOM,12.36,12.002,12.423,12.019,229144,12.1802
CETS,2026-03-23,CNYRUB_TOM,CNYRUB_TOM,12.011,11.7845,12.03,11.9105,113622,11.8769
CETS,2026-03-24,CNYRUB_TOM,CNYRUB_TOM,11.798,11.6445,11.798,11.66,140148,11.7231
CETS,2026-03-25,CNYRUB_TOM,CNYRUB_TOM,11.6615,11.65,11.8395,11.83,98355,11.7032
CETS,2026-03-26,CNYRUB_TOM,CNYRUB_TOM,11.849,11.6755,11.993,11.682,144927,11.859
CETS,2026-03-27,CNYRUB_TOM,CNYRUB_TOM,11.6635,11.6295,11.8465,11.8235,126728,11.7266
CETS,2026-03-30,CNYRUB_TOM,CNYRUB_TOM,11.828,11.678,11.864,11.756,76587,11.7404
CETS,2026-03-31,CNYRUB_TOM,CNYRUB_TOM,11.7275,11.708,11.8745,11.743,138135,11.7926
CETS,2026-04-01,CNYRUB_TOM,CNYRUB_TOM,11.777,11.6815,11.808,11.682,62255,11.7069
CETS,2026-04-02,CNYRUB_TOM,CNYRUB_TOM,11.6685,11.58,11.6915,11.62,110917,11.6333
CETS,2026-04-03,CNYRUB_TOM,CNYRUB_TOM,11.62,11.5,11.6215,11.5005,83801,11.5579
CETS,2026-04-06,CNYRUB_TOM,CNYRUB_TOM,11.4755,11.409,11.5135,11.4775,112271,11.4657
CETS,2026-04-07,CNYRUB_TOM,CNYRUB_TOM,11.4885,11.376,11.5115,11.3905,93102,11.4583
CETS,2026-04-08,CNYRUB_TOM,CNYRUB_TOM,11.464,11.4255,11.5145,11.455,90239,11.4589
CETS,2026-04-09,CNYRUB_TOM,CNYRUB_TOM,11.4375,11.274,11.4375,11.2955,97782,11.3617
CETS,2026-04-10,CNYRUB_TOM,CNYRUB_TOM,11.29,11.207,11.296,11.2355,127129,11.2451
CETS,2026-04-13,CNYRUB_TOM,CNYRUB_TOM,11.177,11.0985,11.1845,11.175,78217,11.1363
CETS,2026-04-14,CNYRUB_TOM,CNYRUB_TOM,11.151,11.04,11.1605,11.047,92437,11.0873
CETS,2026-04-15,CNYRUB_TOM,CNYRUB_TOM,11.0275,10.96,11.156,11.061,124487,11.0537
CETS,2026-04-16,CNYRUB_TOM,CNYRUB_TOM,11.09,11.05,11.2265,11.1235,132668,11.1665
CETS,2026-04-17,CNYRUB_TOM,CNYRUB_TOM,11.1365,11.074,11.193,11.111,85624,11.1376
CETS,2026-04-20,CNYRUB_TOM,CNYRUB_TOM,11.0775,10.99,11.1,10.998,52891,11.0329
CETS,2026-04-21,CNYRUB_TOM,CNYRUB_TOM,10.9655,10.8915,11.02,10.954,96851,10.9487
CETS,2026-04-22,CNYRUB_TOM,CNYRUB_TOM,10.9785,10.94,11.055,10.952,64123,10.9842
CETS,2026-04-23,CNYRUB_TOM,CNYRUB_TOM,10.9105,10.9105,11.1025,11.07,121731,10.9978
CETS,2026-04-24,CNYRUB_TOM,CNYRUB_TOM,11.113,10.974,11.1455,10.98,99841,11.0253
CETS,2026-04-27,CNYRUB_TOM,CNYRUB_TOM,10.952,10.9225,10.9755,10.9395,107030,10.951
CETS,2026-04-28,CNYRUB_TOM,CNYRUB_TOM,10.9145,10.895,11.0125,10.98,72842,10.9538
CETS,2026-04-29,CNYRUB_TOM,CNYRUB_TOM,11.0,10.884,11.0175,10.9115,80686,10.9478
CETS,2026-04-30,CNYRUB_TOM,CNYRUB_TOM,10.9465,10.917,11.007,10.9775,56096,10.96
CETS,2026-05-04,CNYRUB_TOM,CNYRUB_TOM,11.0135,10.97,11.079,11.0155,62728,11.032
CETS,2026-05-05,CNYRUB_TOM,CNYRUB_TOM,11.05,10.983,11.07,11.0525,62266,11.0289
CETS,2026-05-06,CNYRUB_TOM,CNYRUB_TOM,11.078,10.897,11.089,10.9455,116870,10.9936
CETS,2026-05-07,CNYRUB_TOM,CNYRUB_TOM,10.9255,10.9185,11.007,10.95,84191,10.969
CETS,2026-05-08,CNYRUB_TOM,CNYRUB_TOM,10.9695,10.885,10.9755,10.9245,75374,10.9274
CETS,2026-05-11,CNYRUB_TOM,CNYRUB_TOM,10.8975,10.802,10.9335,10.825,15294,10.8533
CETS,2026-05-12,CNYRUB_TOM,CNYRUB_TOM,10.8395,10.7995,10.899,10.849,56380,10.8522
CETS,2026-05-13,CNYRUB_TOM,CNYRUB_TOM,10.8425,10.761,10.8425,10.8155,82650,10.7969
CETS,2026-05-14,CNYRUB_TOM,CNYRUB_TOM,10.823,10.7565,10.8245,10.768,77598,10.7829
CETS,2026-05-15,CNYRUB_TOM,CNYRUB_TOM,10.7605,10.686,10.774,10.711,47137,10.7244
CETS,2026-05-18,CNYRUB_TOM,CNYRUB_TOM,10.6675,10.585,10.671,10.6115,68478,10.6247
CETS,2026-05-19,CNYRUB_TOM,CNYRUB_TOM,10.554,10.3485,10.554,10.3505,95430,10.4452
CETS,2026-05-20,CNYRUB_TOM,CNYRUB_TOM,10.3,10.29,10.483,10.46,83705,10.4212
CETS,2026-05-21,CNYRUB_TOM,CNYRUB_TOM,10.435,10.36,10.467,10.435,94006,10.4042
CETS,2026-05-22,CNYRUB_TOM,CNYRUB_TOM,10.465,10.45,10.58,10.53,89380,10.4916
CETS,2026-05-25,CNYRUB_TOM,CNYRUB_TOM,10.6295,10.5005,10.649,10.607,110456,10.5476
CETS,2026-05-26,CNYRUB_TOM,CNYRUB_TOM,10.597,10.4645,10.63,10.469,87632,10.5439
CETS,2026-05-27,CNYRUB_TOM,CNYRUB_TOM,10.446,10.4125,10.499,10.475,73319,10.4605
CETS,2026-05-28,CNYRUB_TOM,CNYRUB_TOM,10.4865,10.4185,10.492,10.46,63847,10.4462
CETS,2026-05-29,CNYRUB_TOM,CNYRUB_TOM,10.512,10.4565,10.524,10.487,73177,10.4836
CETS,2026-06-01,CNYRUB_TOM,CNYRUB_TOM,10.517,10.5075,10.6745,10.64,65666,10.5918
CETS,2026-06-02,CNYRUB_TOM,CNYRUB_TOM,10.68,10.6435,10.81,10.791,102627,10.7452
CETS,2026-06-03,CNYRUB_TOM,CNYRUB_TOM,10.7875,10.7,10.967,10.86,136711,10.8451
CETS,2026-06-04,CNYRUB_TOM,CNYRUB_TOM,10.9295,10.805,10.9945,10.8235,60092,10.9298
CETS,2026-06-05,CNYRUB_TOM,CNYRUB_TOM,10.851,10.811,10.892,10.87,74533,10.855
CETS,2026-06-08,CNYRUB_TOM,CNYRUB_TOM,10.8615,10.6945,10.88,10.7055,67334,10.7754
CETS,2026-06-09,CNYRUB_TOM,CNYRUB_TOM,10.659,10.5255,10.6695,10.5755,114416,10.5866
CETS,2026-06-10,CNYRUB_TOM,CNYRUB_TOM,10.531,10.488,10.632,10.585,94124,10.5832
CETS,2026-06-11,CNYRUB_TOM,CNYRUB_TOM,10.592,10.5555,10.662,10.604,108428,10.6064
CETS,2026-06-15,CNYRUB_TOM,CNYRUB_TOM,10.6985,10.645,10.75,10.653,114179,10.6916
CETS,2026-06-16,CNYRUB_TOM,CNYRUB_TOM,10.6545,10.62,10.756,10.73,123768,10.672
CETS,2026-06-17,CNYRUB_TOM,CNYRUB_TOM,10.769,10.721,10.823,10.78,115478,10.7689
CETS,2026-06-18,CNYRUB_TOM,CNYRUB_TOM,10.8215,10.7885,10.87,10.7895,100474,10.8252
CETS,2026-06-19,CNYRUB_TOM,CNYRUB_TOM,10.79,10.7535,10.85,10.807,93038,10.8033
CETS,2026-06-22,CNYRUB_TOM,CNYRUB_TOM,10.804,10.7855,10.9995,10.989,81509,10.8943
CETS,2026-06-23,CNYRUB_TOM,CNYRUB_TOM,11.07,10.928,11.0715,10.941,76535,10.99
CETS,2026-06-24,CNYRUB_TOM,CNYRUB_TOM,10.9695,10.943,11.0065,10.97,55655,10.9695
CETS,2026-06-25,CNYRUB_TOM,CNYRUB_TOM,11.0065,10.9805,11.18,11.1695,82578,11.0599
CETS,2026-06-26,CNYRUB_TOM,CNYRUB_TOM,11.23,11.2175,11.628,11.489,120434,11.3977
CETS,2026-06-29,CNYRUB_TOM,CNYRUB_TOM,11.542,11.285,11.6,11.37,90779,11.4455
CETS,2026-06-30,CNYRUB_TOM,CNYRUB_TOM,11.43,11.4005,11.63,11.619,74239,11.5153
CETS,2026-07-01,CNYRUB_TOM,CNYRUB_TOM,11.6645,11.412,11.675,11.47,142272,11.4804
CETS,2026-07-02,CNYRUB_TOM,CNYRUB_TOM,11.4865,11.39,11.5215,11.462,62876,11.4618
CETS,2026-07-03,CNYRUB_TOM,CNYRUB_TOM,11.42,11.32,11.516,11.49,78044,11.3908
CETS,2026-07-06,CNYRUB_TOM,CNYRUB_TOM,11.455,11.182,11.558,11.1825,98018,11.413
CETS,2026-07-07,CNYRUB_TOM,CNYRUB_TOM,11.1425,11.134,11.3265,11.2845,104475,11.219
CETS,2026-07-08,CNYRUB_TOM,CNYRUB_TOM,11.23,11.139,11.305,11.2015,75830,11.2163
CETS,2026-07-09,CNYRUB_TOM,CNYRUB_TOM,11.162,11.1175,11.2655,11.251,69254,11.1787
CETS,2026-07-10,CNYRUB_TOM,CNYRUB_TOM,11.301,11.2615,11.3865,11.317,68886,11.3118
CETS,2026-07-13,CNYRUB_TOM,CNYRUB_TOM,11.2715,11.24,11.355,11.3285,53245,11.2992
CETS,2026-07-14,CNYRUB_TOM,CNYRUB_TOM,11.279,11.267,11.4915,11.4725,92997,11.398
CETS,2026-07-15,CNYRUB_TOM,CNYRUB_TOM,11.525,11.408,11.5595,11.44,80618,11.506
CETS,2026-07-16,CNYRUB_TOM,CNYRUB_TOM,11.463,11.455,11.591,11.5845,88665,11.5226
CETS,2026-07-17,CNYRUB_TOM,CNYRUB_TOM,11.56,11.5005,11.634,11.57,71791,11.5577
